blk.47.ffn_gate_exps.weight 333,183,357,241,146,431,76,54,89,509,12,175,29,336,88,270,234,323,492,356,480,269,11,45,326,39,31,166,152,125,109,65,33,17,438,320,472,298,349,48,222,424,264,142,181,202,337,487,507,321,444,112,281,37,372,245,126,440,338,2,451,280,144,292,294,80,78,272,265,47,232,254,433,85,188,131,278,274,153,448,230,42,462,1,307,340,360,263,364,495,203,400,458,0,52,61,354,122,227,8,177,199,297,184,367,273,425,491,325,446,95,150,500,154,170,489,210,36,414,178,463,165,443,171,442,370,9,229,204,82,218,49,485,231,50,268,377,484,211,187,403,136,506,353,158,313,355,329,97,226,379,51,213,416,143,129,233,73,384,318,398,258,289,242,190,285,148,163,466,461,334,127,498,310,141,308,401,391,404,407,439,288,275,145,99,387,215,149,162,72,59,341,221,196,408,473,214,316,28,14,259,417,392,304,362,205,358,87,169,173,445,24,409,108,501,133,478,124,344,62,79,60,120,430,376,380,282,16,157
blk.47.ffn_up_exps.weight 333,183,357,241,146,431,76,54,89,509,12,175,29,336,88,270,234,323,492,356,480,269,11,45,326,39,31,166,152,125,109,65,33,17,438,320,472,298,349,48,222,424,264,142,181,202,337,487,507,321,444,112,281,37,372,245,126,440,338,2,451,280,144,292,294,80,78,272,265,47,232,254,433,85,188,131,278,274,153,448,230,42,462,1,307,340,360,263,364,495,203,400,458,0,52,61,354,122,227,8,177,199,297,184,367,273,425,491,325,446,95,150,500,154,170,489,210,36,414,178,463,165,443,171,442,370,9,229,204,82,218,49,485,231,50,268,377,484,211,187,403,136,506,353,158,313,355,329,97,226,379,51,213,416,143,129,233,73,384,318,398,258,289,242,190,285,148,163,466,461,334,127,498,310,141,308,401,391,404,407,439,288,275,145,99,387,215,149,162,72,59,341,221,196,408,473,214,316,28,14,259,417,392,304,362,205,358,87,169,173,445,24,409,108,501,133,478,124,344,62,79,60,120,430,376,380,282,16,157
blk.47.ffn_down_exps.weight 333,183,357,241,146,431,76,54,89,509,12,175,29,336,88,270,234,323,492,356,480,269,11,45,326,39,31,166,152,125,109,65,33,17,438,320,472,298,349,48,222,424,264,142,181,202,337,487,507,321,444,112,281,37,372,245,126,440,338,2,451,280,144,292,294,80,78,272,265,47,232,254,433,85,188,131,278,274,153,448,230,42,462,1,307,340,360,263,364,495,203,400,458,0,52,61,354,122,227,8,177,199,297,184,367,273,425,491,325,446,95,150,500,154,170,489,210,36,414,178,463,165,443,171,442,370,9,229,204,82,218,49,485,231,50,268,377,484,211,187,403,136,506,353,158,313,355,329,97,226,379,51,213,416,143,129,233,73,384,318,398,258,289,242,190,285,148,163,466,461,334,127,498,310,141,308,401,391,404,407,439,288,275,145,99,387,215,149,162,72,59,341,221,196,408,473,214,316,28,14,259,417,392,304,362,205,358,87,169,173,445,24,409,108,501,133,478,124,344,62,79,60,120,430,376,380,282,16,157
blk.0.ffn_gate_exps.weight 272,93,218,62,10,349,259,324,98,375,7,485,46,176,188,401,173,97,346,54,167,360,73,219,282,19,415,290,277,79,82,430,15,270,109,416,384,330,235,68,64,467,129,399,75,320,72,160,286,316,198,505,508,190,369,237,217,464,234,381,338,258,105,37,222,267,124,406,386,180,55,305,44,412,362,378,123,293,138,4,274,126,200,492,289,203,446,312,367,500,224,208,178,379,251,186,350,337,463,148,177,455,161,427,117,376,162,314,175,414,264,132,168,41,9,245,435,249,90,51,398,197,302,139,497,321,36,174,291,319,431,205,80,246,441,207,495,278,407,308,233,92,16,474,27,247,39,149,404,20,482,74,481,470,228,156,2,102,371,342,211,33,462,409,348,358,315,395,240,58,301,253,216,471,434,238,106,262,322,458,133,201,281,66,306,212,192,169,165,214,453,329,31,5,468,71,32,130,391,147,18,76,21,3,119,209,328,0,359,479,49,67,405,473,288,242,503,459,196,392,185,451,100,351,333,241,143,436,29,449,389,372,408,335,172,273,276,213,400,70,361,158,12,489,56,254,23,304,184,88,95,326,34,317,334,164,440,298,252,456,265,248,496,183,450,445,69,493,297,17,110,166,331,151,385,187,438,325,363,486,221,356,101,352,275,339,461,63,179,465,118,30,295,294,60,227,380,111,423,255,366,107,354,501,279,510,215,296,419,199,382,347,144,61,370,439,257,475,28,341,236,393,437,507,83,499,457,87,287,8,103,163,59,491,340,443,466,268,120,432,411,418,429,476,157,269,480,35,1,506,170,113,388,136,171,226,373,261,345,377,96,52
blk.0.ffn_up_exps.weight 272,93,218,62,10,349,259,324,98,375,7,485,46,176,188,401,173,97,346,54,167,360,73,219,282,19,415,290,277,79,82,430,15,270,109,416,384,330,235,68,64,467,129,399,75,320,72,160,286,316,198,505,508,190,369,237,217,464,234,381,338,258,105,37,222,267,124,406,386,180,55,305,44,412,362,378,123,293,138,4,274,126,200,492,289,203,446,312,367,500,224,208,178,379,251,186,350,337,463,148,177,455,161,427,117,376,162,314,175,414,264,132,168,41,9,245,435,249,90,51,398,197,302,139,497,321,36,174,291,319,431,205,80,246,441,207,495,278,407,308,233,92,16,474,27,247,39,149,404,20,482,74,481,470,228,156,2,102,371,342,211,33,462,409,348,358,315,395,240,58,301,253,216,471,434,238,106,262,322,458,133,201,281,66,306,212,192,169,165,214,453,329,31,5,468,71,32,130,391,147,18,76,21,3,119,209,328,0,359,479,49,67,405,473,288,242,503,459,196,392,185,451,100,351,333,241,143,436,29,449,389,372,408,335,172,273,276,213,400,70,361,158,12,489,56,254,23,304,184,88,95,326,34,317,334,164,440,298,252,456,265,248,496,183,450,445,69,493,297,17,110,166,331,151,385,187,438,325,363,486,221,356,101,352,275,339,461,63,179,465,118,30,295,294,60,227,380,111,423,255,366,107,354,501,279,510,215,296,419,199,382,347,144,61,370,439,257,475,28,341,236,393,437,507,83,499,457,87,287,8,103,163,59,491,340,443,466,268,120,432,411,418,429,476,157,269,480,35,1,506,170,113,388,136,171,226,373,261,345,377,96,52
blk.0.ffn_down_exps.weight 272,93,218,62,10,349,259,324,98,375,7,485,46,176,188,401,173,97,346,54,167,360,73,219,282,19,415,290,277,79,82,430,15,270,109,416,384,330,235,68,64,467,129,399,75,320,72,160,286,316,198,505,508,190,369,237,217,464,234,381,338,258,105,37,222,267,124,406,386,180,55,305,44,412,362,378,123,293,138,4,274,126,200,492,289,203,446,312,367,500,224,208,178,379,251,186,350,337,463,148,177,455,161,427,117,376,162,314,175,414,264,132,168,41,9,245,435,249,90,51,398,197,302,139,497,321,36,174,291,319,431,205,80,246,441,207,495,278,407,308,233,92,16,474,27,247,39,149,404,20,482,74,481,470,228,156,2,102,371,342,211,33,462,409,348,358,315,395,240,58,301,253,216,471,434,238,106,262,322,458,133,201,281,66,306,212,192,169,165,214,453,329,31,5,468,71,32,130,391,147,18,76,21,3,119,209,328,0,359,479,49,67,405,473,288,242,503,459,196,392,185,451,100,351,333,241,143,436,29,449,389,372,408,335,172,273,276,213,400,70,361,158,12,489,56,254,23,304,184,88,95,326,34,317,334,164,440,298,252,456,265,248,496,183,450,445,69,493,297,17,110,166,331,151,385,187,438,325,363,486,221,356,101,352,275,339,461,63,179,465,118,30,295,294,60,227,380,111,423,255,366,107,354,501,279,510,215,296,419,199,382,347,144,61,370,439,257,475,28,341,236,393,437,507,83,499,457,87,287,8,103,163,59,491,340,443,466,268,120,432,411,418,429,476,157,269,480,35,1,506,170,113,388,136,171,226,373,261,345,377,96,52
blk.1.ffn_gate_exps.weight 293,289,23,491,478,62,410,240,39,385,405,34,302,352,130,420,160,179,287,378,403,244,108,477,320,454,102,203,15,252,237,414,60,261,215,456,305,402,48,483,53,383,437,6,285,38,304,336,471,363,481,42,342,458,354,88,434,156,499,475,4,122,176,446,143,225,59,316,212,170,157,373,112,68,429,135,226,61,134,251,242,209,277,165,465,71,447,351,224,381,76,467,189,3,267,163,128,395,162,18,16,107,191,110,451,230,233,164,210,50,440,57,125,423,281,7,374,119,74,235,391,376,504,257,310,386,186,91,208,389,427,394,452,324,275,326,106,455,379,262,353,171,313,175,400,265,294,0,415,211,473,260,306,113,238,332,145,424,307,81,505,319,14,52,150,228,416,19,198,183,298,279,368,430,20,494,40,495,331,401,190,174,5,172,492,115,194,365,273,338,32,245,468,300,67,356,202,469,286,411,98,450,80,100,29,502,485,384,232,231,97,206,36,364,442,508,154,462,276,131,339,507,243,366,250,47,292,344,200,445,85,343,222,295,148,79,487,264,185,207,152,197,213,406,69,142,63,417,509,349,506,158,66,169,283,359,77,398,96,193,86,311,435,93,105,46,412,476,13,303,309,65,425,497,334,263,70,161,104,325,118,151,201,466,184,500,45,248,217,147,404,474,178,111,498,482,195,26,370,449,333,188,159,114,441,58,457,254,95,90,272,253,54,280,236,328,10,358,129,249,155,51,278,413,27,218,140,227,347,346,377,397,9,268,426,123,291,470,229,192,166,464,87,41,419,73,21,422,330,137,408,199,323,322,167,146,149,463,180,439,299,362,269,92
blk.1.ffn_up_exps.weight 293,289,23,491,478,62,410,240,39,385,405,34,302,352,130,420,160,179,287,378,403,244,108,477,320,454,102,203,15,252,237,414,60,261,215,456,305,402,48,483,53,383,437,6,285,38,304,336,471,363,481,42,342,458,354,88,434,156,499,475,4,122,176,446,143,225,59,316,212,170,157,373,112,68,429,135,226,61,134,251,242,209,277,165,465,71,447,351,224,381,76,467,189,3,267,163,128,395,162,18,16,107,191,110,451,230,233,164,210,50,440,57,125,423,281,7,374,119,74,235,391,376,504,257,310,386,186,91,208,389,427,394,452,324,275,326,106,455,379,262,353,171,313,175,400,265,294,0,415,211,473,260,306,113,238,332,145,424,307,81,505,319,14,52,150,228,416,19,198,183,298,279,368,430,20,494,40,495,331,401,190,174,5,172,492,115,194,365,273,338,32,245,468,300,67,356,202,469,286,411,98,450,80,100,29,502,485,384,232,231,97,206,36,364,442,508,154,462,276,131,339,507,243,366,250,47,292,344,200,445,85,343,222,295,148,79,487,264,185,207,152,197,213,406,69,142,63,417,509,349,506,158,66,169,283,359,77,398,96,193,86,311,435,93,105,46,412,476,13,303,309,65,425,497,334,263,70,161,104,325,118,151,201,466,184,500,45,248,217,147,404,474,178,111,498,482,195,26,370,449,333,188,159,114,441,58,457,254,95,90,272,253,54,280,236,328,10,358,129,249,155,51,278,413,27,218,140,227,347,346,377,397,9,268,426,123,291,470,229,192,166,464,87,41,419,73,21,422,330,137,408,199,323,322,167,146,149,463,180,439,299,362,269,92
blk.1.ffn_down_exps.weight 293,289,23,491,478,62,410,240,39,385,405,34,302,352,130,420,160,179,287,378,403,244,108,477,320,454,102,203,15,252,237,414,60,261,215,456,305,402,48,483,53,383,437,6,285,38,304,336,471,363,481,42,342,458,354,88,434,156,499,475,4,122,176,446,143,225,59,316,212,170,157,373,112,68,429,135,226,61,134,251,242,209,277,165,465,71,447,351,224,381,76,467,189,3,267,163,128,395,162,18,16,107,191,110,451,230,233,164,210,50,440,57,125,423,281,7,374,119,74,235,391,376,504,257,310,386,186,91,208,389,427,394,452,324,275,326,106,455,379,262,353,171,313,175,400,265,294,0,415,211,473,260,306,113,238,332,145,424,307,81,505,319,14,52,150,228,416,19,198,183,298,279,368,430,20,494,40,495,331,401,190,174,5,172,492,115,194,365,273,338,32,245,468,300,67,356,202,469,286,411,98,450,80,100,29,502,485,384,232,231,97,206,36,364,442,508,154,462,276,131,339,507,243,366,250,47,292,344,200,445,85,343,222,295,148,79,487,264,185,207,152,197,213,406,69,142,63,417,509,349,506,158,66,169,283,359,77,398,96,193,86,311,435,93,105,46,412,476,13,303,309,65,425,497,334,263,70,161,104,325,118,151,201,466,184,500,45,248,217,147,404,474,178,111,498,482,195,26,370,449,333,188,159,114,441,58,457,254,95,90,272,253,54,280,236,328,10,358,129,249,155,51,278,413,27,218,140,227,347,346,377,397,9,268,426,123,291,470,229,192,166,464,87,41,419,73,21,422,330,137,408,199,323,322,167,146,149,463,180,439,299,362,269,92
blk.2.ffn_gate_exps.weight 266,436,211,81,417,488,393,370,277,338,74,483,321,439,263,257,107,500,89,367,185,418,111,371,112,317,230,260,37,84,134,28,178,406,142,470,105,452,457,293,298,495,249,445,310,389,57,143,136,286,153,207,30,315,341,244,36,511,507,387,160,427,209,162,496,135,451,168,17,101,319,303,360,2,361,344,215,252,391,461,50,423,10,236,191,88,258,382,44,302,308,295,210,179,359,268,64,379,197,494,479,109,237,87,192,433,232,198,454,311,294,444,421,491,466,307,264,472,217,410,346,363,78,38,196,63,79,139,449,4,510,95,278,250,222,481,289,269,313,117,290,256,20,504,304,200,377,493,115,59,322,195,398,380,75,404,459,226,70,327,505,432,497,72,42,126,173,253,372,27,147,46,358,300,455,281,354,145,365,96,267,137,164,386,314,351,118,265,364,357,480,208,320,41,282,467,32,19,430,120,469,280,440,271,152,462,375,93,399,98,154,328,287,414,335,468,345,326,503,127,165,132,86,484,104,61,199,18,97,5,368,201,166,292,490,69,443,140,133,129,437,24,508,262,138,273,247,333,270,416,60,21,340,40,251,181,80,90,163,148,62,0,405,284,402,106,131,243,235,6,114,234,487,100,255,169,171,442,336,102,155,31,342,54,22,122,188,182,424,435,213,158,385,306,301,434,68,502,216,453,189,352,422,415,408,48,441,316,309,325,475,13,312,509,499,220
blk.2.ffn_up_exps.weight 266,436,211,81,417,488,393,370,277,338,74,483,321,439,263,257,107,500,89,367,185,418,111,371,112,317,230,260,37,84,134,28,178,406,142,470,105,452,457,293,298,495,249,445,310,389,57,143,136,286,153,207,30,315,341,244,36,511,507,387,160,427,209,162,496,135,451,168,17,101,319,303,360,2,361,344,215,252,391,461,50,423,10,236,191,88,258,382,44,302,308,295,210,179,359,268,64,379,197,494,479,109,237,87,192,433,232,198,454,311,294,444,421,491,466,307,264,472,217,410,346,363,78,38,196,63,79,139,449,4,510,95,278,250,222,481,289,269,313,117,290,256,20,504,304,200,377,493,115,59,322,195,398,380,75,404,459,226,70,327,505,432,497,72,42,126,173,253,372,27,147,46,358,300,455,281,354,145,365,96,267,137,164,386,314,351,118,265,364,357,480,208,320,41,282,467,32,19,430,120,469,280,440,271,152,462,375,93,399,98,154,328,287,414,335,468,345,326,503,127,165,132,86,484,104,61,199,18,97,5,368,201,166,292,490,69,443,140,133,129,437,24,508,262,138,273,247,333,270,416,60,21,340,40,251,181,80,90,163,148,62,0,405,284,402,106,131,243,235,6,114,234,487,100,255,169,171,442,336,102,155,31,342,54,22,122,188,182,424,435,213,158,385,306,301,434,68,502,216,453,189,352,422,415,408,48,441,316,309,325,475,13,312,509,499,220
blk.2.ffn_down_exps.weight 266,436,211,81,417,488,393,370,277,338,74,483,321,439,263,257,107,500,89,367,185,418,111,371,112,317,230,260,37,84,134,28,178,406,142,470,105,452,457,293,298,495,249,445,310,389,57,143,136,286,153,207,30,315,341,244,36,511,507,387,160,427,209,162,496,135,451,168,17,101,319,303,360,2,361,344,215,252,391,461,50,423,10,236,191,88,258,382,44,302,308,295,210,179,359,268,64,379,197,494,479,109,237,87,192,433,232,198,454,311,294,444,421,491,466,307,264,472,217,410,346,363,78,38,196,63,79,139,449,4,510,95,278,250,222,481,289,269,313,117,290,256,20,504,304,200,377,493,115,59,322,195,398,380,75,404,459,226,70,327,505,432,497,72,42,126,173,253,372,27,147,46,358,300,455,281,354,145,365,96,267,137,164,386,314,351,118,265,364,357,480,208,320,41,282,467,32,19,430,120,469,280,440,271,152,462,375,93,399,98,154,328,287,414,335,468,345,326,503,127,165,132,86,484,104,61,199,18,97,5,368,201,166,292,490,69,443,140,133,129,437,24,508,262,138,273,247,333,270,416,60,21,340,40,251,181,80,90,163,148,62,0,405,284,402,106,131,243,235,6,114,234,487,100,255,169,171,442,336,102,155,31,342,54,22,122,188,182,424,435,213,158,385,306,301,434,68,502,216,453,189,352,422,415,408,48,441,316,309,325,475,13,312,509,499,220
blk.3.ffn_gate_exps.weight 289,507,371,237,235,277,219,403,220,249,496,70,293,112,341,193,381,290,18,62,342,35,187,505,453,274,175,365,141,216,191,503,499,205,408,269,310,229,484,234,228,325,357,45,88,384,174,200,335,283,196,47,152,271,29,232,383,168,362,52,506,242,92,1,404,288,417,111,255,470,402,161,424,17,23,450,405,510,307,460,149,212,207,2,56,225,473,495,132,199,281,169,472,427,323,125,433,264,86,190,305,54,316,489,21,468,320,189,50,423,178,137,490,265,74,34,282,246,406,494,104,396,180,448,80,394,108,227,261,360,177,426,127,5,81,509,511,60,202,224,295,340,43,98,354,131,11,411,163,245,9,55,451,144,63,337,182,204,330,160,298,407,165,267,171,130,257,238,465,502,263,338,414,13,181,272,322,121,162,247,397,44,398,39,197,388,42,429,469,374,459,183,49,375,51,379,315,77,151,209,172,153,462,311,392,119,115,3,243,436,170,136,395,71,364,82,333,41,296,437,239,102,10,145,438,214,312,301,100,166,184,479,273,78,378,389,206,368,58,158,258,491,504,223,508,154,279,372,262,361,97,117,48,231,441,463,61,385,318,133,147,314,142,501,294,129,218,8,4,188,455,113,87,143,241,123,366,7,250
blk.3.ffn_up_exps.weight 289,507,371,237,235,277,219,403,220,249,496,70,293,112,341,193,381,290,18,62,342,35,187,505,453,274,175,365,141,216,191,503,499,205,408,269,310,229,484,234,228,325,357,45,88,384,174,200,335,283,196,47,152,271,29,232,383,168,362,52,506,242,92,1,404,288,417,111,255,470,402,161,424,17,23,450,405,510,307,460,149,212,207,2,56,225,473,495,132,199,281,169,472,427,323,125,433,264,86,190,305,54,316,489,21,468,320,189,50,423,178,137,490,265,74,34,282,246,406,494,104,396,180,448,80,394,108,227,261,360,177,426,127,5,81,509,511,60,202,224,295,340,43,98,354,131,11,411,163,245,9,55,451,144,63,337,182,204,330,160,298,407,165,267,171,130,257,238,465,502,263,338,414,13,181,272,322,121,162,247,397,44,398,39,197,388,42,429,469,374,459,183,49,375,51,379,315,77,151,209,172,153,462,311,392,119,115,3,243,436,170,136,395,71,364,82,333,41,296,437,239,102,10,145,438,214,312,301,100,166,184,479,273,78,378,389,206,368,58,158,258,491,504,223,508,154,279,372,262,361,97,117,48,231,441,463,61,385,318,133,147,314,142,501,294,129,218,8,4,188,455,113,87,143,241,123,366,7,250
blk.3.ffn_down_exps.weight 289,507,371,237,235,277,219,403,220,249,496,70,293,112,341,193,381,290,18,62,342,35,187,505,453,274,175,365,141,216,191,503,499,205,408,269,310,229,484,234,228,325,357,45,88,384,174,200,335,283,196,47,152,271,29,232,383,168,362,52,506,242,92,1,404,288,417,111,255,470,402,161,424,17,23,450,405,510,307,460,149,212,207,2,56,225,473,495,132,199,281,169,472,427,323,125,433,264,86,190,305,54,316,489,21,468,320,189,50,423,178,137,490,265,74,34,282,246,406,494,104,396,180,448,80,394,108,227,261,360,177,426,127,5,81,509,511,60,202,224,295,340,43,98,354,131,11,411,163,245,9,55,451,144,63,337,182,204,330,160,298,407,165,267,171,130,257,238,465,502,263,338,414,13,181,272,322,121,162,247,397,44,398,39,197,388,42,429,469,374,459,183,49,375,51,379,315,77,151,209,172,153,462,311,392,119,115,3,243,436,170,136,395,71,364,82,333,41,296,437,239,102,10,145,438,214,312,301,100,166,184,479,273,78,378,389,206,368,58,158,258,491,504,223,508,154,279,372,262,361,97,117,48,231,441,463,61,385,318,133,147,314,142,501,294,129,218,8,4,188,455,113,87,143,241,123,366,7,250
blk.4.ffn_gate_exps.weight 322,9,488,21,299,166,168,269,110,111,282,345,329,308,277,430,316,287,67,508,402,44,417,415,232,201,219,422,152,444,311,117,191,325,73,96,130,310,128,465,34,213,399,237,506,445,412,357,294,431,199,393,447,114,346,495,74,428,338,256,184,71,122,381,62,340,252,214,304,222,499,296,26,359,87,293,507,292,54,386,223,448,473,63,306,221,272,309,118,275,86,281,502,262,423,432,5,175,265,43,295,344,14,390,349,249,358,449,77,267,403,496,47,389,339,66,81,290,468,260,505,471,8,216,440,107,241,104,82,136,405,276,480,37,371,192,485,186,365,438,314,288,327,24,307,243,379,356,347,196,245,462,41,161,425,319,370,28,433,163,198,194,492,328,3,388,333,7,172,443,212,493,317,367,209,268,65,17,504,266,93,140,410,144,20,302,138,351,384,452,257,460,4,154,481,106,482,102,238,406,115,324,391,286,258,83,253,49,233,392,131,147,372,457,119,58,437,510,95,283,472,270,484,206,455,46,200,291,476,498,469,395,16,494,475,51,91,334,90,248,190,123,236,375,79,255,400,376,69,25,85,450,129,397,305,158,342,92,441,343,332,109,185,35,59,153,453,169,501,156,341,94,155,52,165,500
blk.4.ffn_up_exps.weight 322,9,488,21,299,166,168,269,110,111,282,345,329,308,277,430,316,287,67,508,402,44,417,415,232,201,219,422,152,444,311,117,191,325,73,96,130,310,128,465,34,213,399,237,506,445,412,357,294,431,199,393,447,114,346,495,74,428,338,256,184,71,122,381,62,340,252,214,304,222,499,296,26,359,87,293,507,292,54,386,223,448,473,63,306,221,272,309,118,275,86,281,502,262,423,432,5,175,265,43,295,344,14,390,349,249,358,449,77,267,403,496,47,389,339,66,81,290,468,260,505,471,8,216,440,107,241,104,82,136,405,276,480,37,371,192,485,186,365,438,314,288,327,24,307,243,379,356,347,196,245,462,41,161,425,319,370,28,433,163,198,194,492,328,3,388,333,7,172,443,212,493,317,367,209,268,65,17,504,266,93,140,410,144,20,302,138,351,384,452,257,460,4,154,481,106,482,102,238,406,115,324,391,286,258,83,253,49,233,392,131,147,372,457,119,58,437,510,95,283,472,270,484,206,455,46,200,291,476,498,469,395,16,494,475,51,91,334,90,248,190,123,236,375,79,255,400,376,69,25,85,450,129,397,305,158,342,92,441,343,332,109,185,35,59,153,453,169,501,156,341,94,155,52,165,500
blk.4.ffn_down_exps.weight 322,9,488,21,299,166,168,269,110,111,282,345,329,308,277,430,316,287,67,508,402,44,417,415,232,201,219,422,152,444,311,117,191,325,73,96,130,310,128,465,34,213,399,237,506,445,412,357,294,431,199,393,447,114,346,495,74,428,338,256,184,71,122,381,62,340,252,214,304,222,499,296,26,359,87,293,507,292,54,386,223,448,473,63,306,221,272,309,118,275,86,281,502,262,423,432,5,175,265,43,295,344,14,390,349,249,358,449,77,267,403,496,47,389,339,66,81,290,468,260,505,471,8,216,440,107,241,104,82,136,405,276,480,37,371,192,485,186,365,438,314,288,327,24,307,243,379,356,347,196,245,462,41,161,425,319,370,28,433,163,198,194,492,328,3,388,333,7,172,443,212,493,317,367,209,268,65,17,504,266,93,140,410,144,20,302,138,351,384,452,257,460,4,154,481,106,482,102,238,406,115,324,391,286,258,83,253,49,233,392,131,147,372,457,119,58,437,510,95,283,472,270,484,206,455,46,200,291,476,498,469,395,16,494,475,51,91,334,90,248,190,123,236,375,79,255,400,376,69,25,85,450,129,397,305,158,342,92,441,343,332,109,185,35,59,153,453,169,501,156,341,94,155,52,165,500
blk.5.ffn_gate_exps.weight 191,286,52,491,134,483,220,76,159,415,37,487,112,350,19,11,26,354,413,161,402,90,72,500,20,131,380,222,79,258,273,497,47,317,160,414,399,75,312,153,211,290,337,475,357,102,97,468,275,82,180,172,236,224,71,5,373,283,398,54,22,416,340,420,346,27,293,218,74,430,187,212,482,81,379,374,296,245,278,162,490,119,280,419,405,110,202,282,232,120,366,391,93,118,56,68,154,177,485,331,233,333,100,4,188,279,247,80,61,158,206,262,146,272,501,510,122,125,44,424,348,474,67,505,15,284,358,133,101,368,250,51,142,328,463,384,96,115,257,60,493,228,392,169,216,113,215,471,192,255,458,21,509,147,225,143,98,302,248,285,117,239,353,442,63,315,292,446,129,185,1,369,459,294,301,149,23,33,49,443,397,295,404,456,253,266,259,244,66,50,270,478,277,213,498,196,481,58,281,193,116,263,226,40,488,164,91,502,173,243,140,109,53,462,241,246,308,344,352,14,453,390,339,496,30,7,126,46,454,370,204,411,201,111,406,324,316,438,38,319,506,304,84,6,422,252,137,385,174,199,504,168,300,240,507,163,230,138,307,383,132,127,464,408,444,29,167,104,335,499,363,477,55,400,124,314,436,198,16
blk.5.ffn_up_exps.weight 191,286,52,491,134,483,220,76,159,415,37,487,112,350,19,11,26,354,413,161,402,90,72,500,20,131,380,222,79,258,273,497,47,317,160,414,399,75,312,153,211,290,337,475,357,102,97,468,275,82,180,172,236,224,71,5,373,283,398,54,22,416,340,420,346,27,293,218,74,430,187,212,482,81,379,374,296,245,278,162,490,119,280,419,405,110,202,282,232,120,366,391,93,118,56,68,154,177,485,331,233,333,100,4,188,279,247,80,61,158,206,262,146,272,501,510,122,125,44,424,348,474,67,505,15,284,358,133,101,368,250,51,142,328,463,384,96,115,257,60,493,228,392,169,216,113,215,471,192,255,458,21,509,147,225,143,98,302,248,285,117,239,353,442,63,315,292,446,129,185,1,369,459,294,301,149,23,33,49,443,397,295,404,456,253,266,259,244,66,50,270,478,277,213,498,196,481,58,281,193,116,263,226,40,488,164,91,502,173,243,140,109,53,462,241,246,308,344,352,14,453,390,339,496,30,7,126,46,454,370,204,411,201,111,406,324,316,438,38,319,506,304,84,6,422,252,137,385,174,199,504,168,300,240,507,163,230,138,307,383,132,127,464,408,444,29,167,104,335,499,363,477,55,400,124,314,436,198,16
blk.5.ffn_down_exps.weight 191,286,52,491,134,483,220,76,159,415,37,487,112,350,19,11,26,354,413,161,402,90,72,500,20,131,380,222,79,258,273,497,47,317,160,414,399,75,312,153,211,290,337,475,357,102,97,468,275,82,180,172,236,224,71,5,373,283,398,54,22,416,340,420,346,27,293,218,74,430,187,212,482,81,379,374,296,245,278,162,490,119,280,419,405,110,202,282,232,120,366,391,93,118,56,68,154,177,485,331,233,333,100,4,188,279,247,80,61,158,206,262,146,272,501,510,122,125,44,424,348,474,67,505,15,284,358,133,101,368,250,51,142,328,463,384,96,115,257,60,493,228,392,169,216,113,215,471,192,255,458,21,509,147,225,143,98,302,248,285,117,239,353,442,63,315,292,446,129,185,1,369,459,294,301,149,23,33,49,443,397,295,404,456,253,266,259,244,66,50,270,478,277,213,498,196,481,58,281,193,116,263,226,40,488,164,91,502,173,243,140,109,53,462,241,246,308,344,352,14,453,390,339,496,30,7,126,46,454,370,204,411,201,111,406,324,316,438,38,319,506,304,84,6,422,252,137,385,174,199,504,168,300,240,507,163,230,138,307,383,132,127,464,408,444,29,167,104,335,499,363,477,55,400,124,314,436,198,16
blk.6.ffn_gate_exps.weight 210,113,142,335,73,471,254,234,139,285,441,151,44,47,42,39,37,417,498,118,284,112,476,292,280,255,267,495,140,213,347,283,68,188,480,279,459,214,282,354,136,176,288,423,299,52,383,141,149,208,185,138,365,170,237,250,74,99,247,338,121,296,259,272,391,24,382,349,486,416,220,489,50,198,245,407,253,435,358,131,53,444,457,169,180,212,179,87,148,397,510,452,468,33,145,189,243,479,161,132,95,3,129,56,324,422,430,403,119,81,215,175,125,224,45,472,137,168,195,329,433,431,183,263,317,49,359,312,353,274,13,144,66,203,258,316,102,325,71,455,395,204,147,509,164,19,181,477,497,26,467,328,22,182,310,233,345,309,244,207,371,318,88,410,166,278,236,27,357,348,445,387,5,447,393,251,402,158,109,352,326,40,126,84,379,124,51,313,78,157,426,501,29,505,201,474,361,59,23,91,344,399,122,6,301,159,368,389,103,294,75,261,156,306,277,446,350,321,115,120,460,31,105,43,46,412,242,500,63,311,252,17,394,223,260,249,372,327,356,442,454,69,80,248,76,289,238,308,152,101,456,36,369,465,295,448,11,377,135,304,461,264,276,111,9,342,58,440,396,110,196,197,323,425,366,256,165,79,146,225,487
blk.6.ffn_up_exps.weight 210,113,142,335,73,471,254,234,139,285,441,151,44,47,42,39,37,417,498,118,284,112,476,292,280,255,267,495,140,213,347,283,68,188,480,279,459,214,282,354,136,176,288,423,299,52,383,141,149,208,185,138,365,170,237,250,74,99,247,338,121,296,259,272,391,24,382,349,486,416,220,489,50,198,245,407,253,435,358,131,53,444,457,169,180,212,179,87,148,397,510,452,468,33,145,189,243,479,161,132,95,3,129,56,324,422,430,403,119,81,215,175,125,224,45,472,137,168,195,329,433,431,183,263,317,49,359,312,353,274,13,144,66,203,258,316,102,325,71,455,395,204,147,509,164,19,181,477,497,26,467,328,22,182,310,233,345,309,244,207,371,318,88,410,166,278,236,27,357,348,445,387,5,447,393,251,402,158,109,352,326,40,126,84,379,124,51,313,78,157,426,501,29,505,201,474,361,59,23,91,344,399,122,6,301,159,368,389,103,294,75,261,156,306,277,446,350,321,115,120,460,31,105,43,46,412,242,500,63,311,252,17,394,223,260,249,372,327,356,442,454,69,80,248,76,289,238,308,152,101,456,36,369,465,295,448,11,377,135,304,461,264,276,111,9,342,58,440,396,110,196,197,323,425,366,256,165,79,146,225,487
blk.6.ffn_down_exps.weight 210,113,142,335,73,471,254,234,139,285,441,151,44,47,42,39,37,417,498,118,284,112,476,292,280,255,267,495,140,213,347,283,68,188,480,279,459,214,282,354,136,176,288,423,299,52,383,141,149,208,185,138,365,170,237,250,74,99,247,338,121,296,259,272,391,24,382,349,486,416,220,489,50,198,245,407,253,435,358,131,53,444,457,169,180,212,179,87,148,397,510,452,468,33,145,189,243,479,161,132,95,3,129,56,324,422,430,403,119,81,215,175,125,224,45,472,137,168,195,329,433,431,183,263,317,49,359,312,353,274,13,144,66,203,258,316,102,325,71,455,395,204,147,509,164,19,181,477,497,26,467,328,22,182,310,233,345,309,244,207,371,318,88,410,166,278,236,27,357,348,445,387,5,447,393,251,402,158,109,352,326,40,126,84,379,124,51,313,78,157,426,501,29,505,201,474,361,59,23,91,344,399,122,6,301,159,368,389,103,294,75,261,156,306,277,446,350,321,115,120,460,31,105,43,46,412,242,500,63,311,252,17,394,223,260,249,372,327,356,442,454,69,80,248,76,289,238,308,152,101,456,36,369,465,295,448,11,377,135,304,461,264,276,111,9,342,58,440,396,110,196,197,323,425,366,256,165,79,146,225,487
blk.7.ffn_gate_exps.weight 326,437,411,154,117,258,401,219,156,187,353,78,275,438,295,35,282,357,461,108,71,413,316,367,72,168,206,324,410,208,174,191,322,457,152,195,197,489,119,132,358,242,123,143,86,271,333,472,325,155,379,509,175,352,245,101,164,448,303,160,83,193,170,167,128,65,118,492,166,29,48,113,171,374,503,176,200,235,268,134,20,231,470,259,285,424,228,243,466,202,192,449,250,508,139,496,327,395,190,301,260,33,351,302,28,122,158,375,148,2,8,429,323,267,194,7,162,112,94,308,389,473,77,172,274,390,142,469,392,288,19,93,414,11,427,18,494,213,407,92,281,5,220,116,199,141,317,444,81,354,399,237,309,481,501,381,31,431,412,276,36,404,400,239,425,76,186,115,129,106,79,452,459,210,178,212,403,294,366,177,257,426,183,450,14,491,120,10,436,378,21,95,75,238,409,135,368,418,332,307,105,334,339,447,289,70,182,58,478,80,25,347,248,341,184,300,269,318,345,15,214,255,442,157,43,41,207,488,247,256,499,287,232,430,140,224,87,415,441,278,51,486,305,89,443,382,372,144,387,261,439,376,380,280,493,62,211,315,52,298,252,264,306,46,422,283,44,27,350,263,360,100,453,223,402,364,131,337,251,226,464,161,498,165,60,284,468,321,428,349,342,66,458
blk.7.ffn_up_exps.weight 326,437,411,154,117,258,401,219,156,187,353,78,275,438,295,35,282,357,461,108,71,413,316,367,72,168,206,324,410,208,174,191,322,457,152,195,197,489,119,132,358,242,123,143,86,271,333,472,325,155,379,509,175,352,245,101,164,448,303,160,83,193,170,167,128,65,118,492,166,29,48,113,171,374,503,176,200,235,268,134,20,231,470,259,285,424,228,243,466,202,192,449,250,508,139,496,327,395,190,301,260,33,351,302,28,122,158,375,148,2,8,429,323,267,194,7,162,112,94,308,389,473,77,172,274,390,142,469,392,288,19,93,414,11,427,18,494,213,407,92,281,5,220,116,199,141,317,444,81,354,399,237,309,481,501,381,31,431,412,276,36,404,400,239,425,76,186,115,129,106,79,452,459,210,178,212,403,294,366,177,257,426,183,450,14,491,120,10,436,378,21,95,75,238,409,135,368,418,332,307,105,334,339,447,289,70,182,58,478,80,25,347,248,341,184,300,269,318,345,15,214,255,442,157,43,41,207,488,247,256,499,287,232,430,140,224,87,415,441,278,51,486,305,89,443,382,372,144,387,261,439,376,380,280,493,62,211,315,52,298,252,264,306,46,422,283,44,27,350,263,360,100,453,223,402,364,131,337,251,226,464,161,498,165,60,284,468,321,428,349,342,66,458
blk.7.ffn_down_exps.weight 326,437,411,154,117,258,401,219,156,187,353,78,275,438,295,35,282,357,461,108,71,413,316,367,72,168,206,324,410,208,174,191,322,457,152,195,197,489,119,132,358,242,123,143,86,271,333,472,325,155,379,509,175,352,245,101,164,448,303,160,83,193,170,167,128,65,118,492,166,29,48,113,171,374,503,176,200,235,268,134,20,231,470,259,285,424,228,243,466,202,192,449,250,508,139,496,327,395,190,301,260,33,351,302,28,122,158,375,148,2,8,429,323,267,194,7,162,112,94,308,389,473,77,172,274,390,142,469,392,288,19,93,414,11,427,18,494,213,407,92,281,5,220,116,199,141,317,444,81,354,399,237,309,481,501,381,31,431,412,276,36,404,400,239,425,76,186,115,129,106,79,452,459,210,178,212,403,294,366,177,257,426,183,450,14,491,120,10,436,378,21,95,75,238,409,135,368,418,332,307,105,334,339,447,289,70,182,58,478,80,25,347,248,341,184,300,269,318,345,15,214,255,442,157,43,41,207,488,247,256,499,287,232,430,140,224,87,415,441,278,51,486,305,89,443,382,372,144,387,261,439,376,380,280,493,62,211,315,52,298,252,264,306,46,422,283,44,27,350,263,360,100,453,223,402,364,131,337,251,226,464,161,498,165,60,284,468,321,428,349,342,66,458
blk.8.ffn_gate_exps.weight 11,191,477,155,496,210,339,161,132,162,366,370,39,426,307,482,283,355,189,461,284,449,345,199,442,365,356,190,486,53,151,201,318,414,124,304,126,363,275,351,422,505,236,242,290,296,466,146,110,349,9,270,170,470,227,138,239,140,330,447,182,369,325,292,247,111,116,57,183,392,233,358,87,32,30,322,59,317,473,353,4,218,175,65,134,361,316,256,397,173,268,192,178,80,427,160,399,272,119,177,386,489,378,217,497,468,471,274,115,241,337,329,395,413,251,389,51,113,75,66,63,487,76,300,331,408,437,127,448,503,35,509,377,206,181,169,310,319,439,176,109,108,445,420,294,263,393,215,357,277,171,490,104,255,433,3,78,102,84,211,19,224,432,33,194,156,205,438,208,419,229,387,458,451,301,200,396,425,262,328,383,83,20,381,379,52,101,68,485,202,234,93,265,114,243,131,311,0,47,13,244,148,37,49,510,498,267,416,180,436,249,402,492,74,282,456,167,320,474,235,454,344,459,154,179,335,287,184,462,291,64,423,266,476,219,174,450,23,61,150,443,46,27,238,346,372
blk.8.ffn_up_exps.weight 11,191,477,155,496,210,339,161,132,162,366,370,39,426,307,482,283,355,189,461,284,449,345,199,442,365,356,190,486,53,151,201,318,414,124,304,126,363,275,351,422,505,236,242,290,296,466,146,110,349,9,270,170,470,227,138,239,140,330,447,182,369,325,292,247,111,116,57,183,392,233,358,87,32,30,322,59,317,473,353,4,218,175,65,134,361,316,256,397,173,268,192,178,80,427,160,399,272,119,177,386,489,378,217,497,468,471,274,115,241,337,329,395,413,251,389,51,113,75,66,63,487,76,300,331,408,437,127,448,503,35,509,377,206,181,169,310,319,439,176,109,108,445,420,294,263,393,215,357,277,171,490,104,255,433,3,78,102,84,211,19,224,432,33,194,156,205,438,208,419,229,387,458,451,301,200,396,425,262,328,383,83,20,381,379,52,101,68,485,202,234,93,265,114,243,131,311,0,47,13,244,148,37,49,510,498,267,416,180,436,249,402,492,74,282,456,167,320,474,235,454,344,459,154,179,335,287,184,462,291,64,423,266,476,219,174,450,23,61,150,443,46,27,238,346,372
blk.8.ffn_down_exps.weight 11,191,477,155,496,210,339,161,132,162,366,370,39,426,307,482,283,355,189,461,284,449,345,199,442,365,356,190,486,53,151,201,318,414,124,304,126,363,275,351,422,505,236,242,290,296,466,146,110,349,9,270,170,470,227,138,239,140,330,447,182,369,325,292,247,111,116,57,183,392,233,358,87,32,30,322,59,317,473,353,4,218,175,65,134,361,316,256,397,173,268,192,178,80,427,160,399,272,119,177,386,489,378,217,497,468,471,274,115,241,337,329,395,413,251,389,51,113,75,66,63,487,76,300,331,408,437,127,448,503,35,509,377,206,181,169,310,319,439,176,109,108,445,420,294,263,393,215,357,277,171,490,104,255,433,3,78,102,84,211,19,224,432,33,194,156,205,438,208,419,229,387,458,451,301,200,396,425,262,328,383,83,20,381,379,52,101,68,485,202,234,93,265,114,243,131,311,0,47,13,244,148,37,49,510,498,267,416,180,436,249,402,492,74,282,456,167,320,474,235,454,344,459,154,179,335,287,184,462,291,64,423,266,476,219,174,450,23,61,150,443,46,27,238,346,372
blk.9.ffn_gate_exps.weight 83,129,154,395,111,360,68,349,259,436,429,145,200,49,140,239,462,398,214,501,340,301,168,322,77,457,183,409,489,506,232,213,416,507,191,40,17,100,502,293,8,67,89,427,60,399,321,317,63,210,237,422,166,190,508,376,84,372,351,274,352,361,103,497,355,122,45,131,14,420,82,483,335,285,171,152,161,252,34,106,405,2,345,58,46,288,55,90,282,334,39,87,348,377,443,350,132,205,307,126,204,503,246,456,393,391,188,344,463,319,245,374,216,370,88,284,426,267,310,384,316,157,187,95,473,20,256,346,264,313,206,298,236,450,304,378,300,172,33,471,459,343,475,421,484,452,194,11,291,0,364,472,142,71,442,430,144,401,325,78,276,318,79,37,306,314,139,323,273,299,153,369,434,242,62,493,185,446,258,464,167,218,241,279,417,30,10,458,338,27,48,262,93,477,179,6,324,135,104,65,424,9,303,96,73,141,54,130,86,359,479,221,109,118,25,136,320,330,331,209,119,249,362,394,38,467,431,388,511,197,47,150,125,488,368,469,164,278,486,56,91,229,80,466,202
blk.9.ffn_up_exps.weight 83,129,154,395,111,360,68,349,259,436,429,145,200,49,140,239,462,398,214,501,340,301,168,322,77,457,183,409,489,506,232,213,416,507,191,40,17,100,502,293,8,67,89,427,60,399,321,317,63,210,237,422,166,190,508,376,84,372,351,274,352,361,103,497,355,122,45,131,14,420,82,483,335,285,171,152,161,252,34,106,405,2,345,58,46,288,55,90,282,334,39,87,348,377,443,350,132,205,307,126,204,503,246,456,393,391,188,344,463,319,245,374,216,370,88,284,426,267,310,384,316,157,187,95,473,20,256,346,264,313,206,298,236,450,304,378,300,172,33,471,459,343,475,421,484,452,194,11,291,0,364,472,142,71,442,430,144,401,325,78,276,318,79,37,306,314,139,323,273,299,153,369,434,242,62,493,185,446,258,464,167,218,241,279,417,30,10,458,338,27,48,262,93,477,179,6,324,135,104,65,424,9,303,96,73,141,54,130,86,359,479,221,109,118,25,136,320,330,331,209,119,249,362,394,38,467,431,388,511,197,47,150,125,488,368,469,164,278,486,56,91,229,80,466,202
blk.9.ffn_down_exps.weight 83,129,154,395,111,360,68,349,259,436,429,145,200,49,140,239,462,398,214,501,340,301,168,322,77,457,183,409,489,506,232,213,416,507,191,40,17,100,502,293,8,67,89,427,60,399,321,317,63,210,237,422,166,190,508,376,84,372,351,274,352,361,103,497,355,122,45,131,14,420,82,483,335,285,171,152,161,252,34,106,405,2,345,58,46,288,55,90,282,334,39,87,348,377,443,350,132,205,307,126,204,503,246,456,393,391,188,344,463,319,245,374,216,370,88,284,426,267,310,384,316,157,187,95,473,20,256,346,264,313,206,298,236,450,304,378,300,172,33,471,459,343,475,421,484,452,194,11,291,0,364,472,142,71,442,430,144,401,325,78,276,318,79,37,306,314,139,323,273,299,153,369,434,242,62,493,185,446,258,464,167,218,241,279,417,30,10,458,338,27,48,262,93,477,179,6,324,135,104,65,424,9,303,96,73,141,54,130,86,359,479,221,109,118,25,136,320,330,331,209,119,249,362,394,38,467,431,388,511,197,47,150,125,488,368,469,164,278,486,56,91,229,80,466,202
blk.10.ffn_gate_exps.weight 488,267,507,92,453,466,119,354,419,490,236,48,279,240,314,280,26,473,362,50,411,342,78,307,409,27,8,326,253,10,153,461,328,349,51,391,77,441,343,188,308,299,173,60,87,223,86,99,129,1,305,469,301,269,167,393,222,274,114,350,273,102,345,494,487,178,226,2,143,480,88,126,300,145,37,125,53,66,233,255,506,379,424,378,82,402,322,265,400,499,436,287,288,446,361,501,32,303,282,220,180,81,508,227,139,120,177,107,311,405,456,380,97,348,5,158,44,331,203,20,365,370,247,444,211,504,31,440,163,497,3,293,30,101,421,28,69,338,187,366,323,413,214,148,346,218,332,448,252,357,351,317,212,425,429,146,156,278,47,408,313,395,330,29,251,216,410,320,250,189,56,327,137,325,67,396,368,510,150,171,423,403,275,270,493,309,373,333,95,46,417,232,64,152,483,341,304,164,458,61,166,292,492,4,40,159,382,503,17,200,467,195,437,131,334,170,194,296,475,112,388,105,415,502,248,154,103,117,242,234,15,291,14,106,324,371,52,184,199,389,71,249,268,416,243,133,230,110,377,406,418,392,24,310,225,135,141,471,229,367,336,246,228,376,284,193,355,93,54,263,271,175,238,65,215
blk.10.ffn_up_exps.weight 488,267,507,92,453,466,119,354,419,490,236,48,279,240,314,280,26,473,362,50,411,342,78,307,409,27,8,326,253,10,153,461,328,349,51,391,77,441,343,188,308,299,173,60,87,223,86,99,129,1,305,469,301,269,167,393,222,274,114,350,273,102,345,494,487,178,226,2,143,480,88,126,300,145,37,125,53,66,233,255,506,379,424,378,82,402,322,265,400,499,436,287,288,446,361,501,32,303,282,220,180,81,508,227,139,120,177,107,311,405,456,380,97,348,5,158,44,331,203,20,365,370,247,444,211,504,31,440,163,497,3,293,30,101,421,28,69,338,187,366,323,413,214,148,346,218,332,448,252,357,351,317,212,425,429,146,156,278,47,408,313,395,330,29,251,216,410,320,250,189,56,327,137,325,67,396,368,510,150,171,423,403,275,270,493,309,373,333,95,46,417,232,64,152,483,341,304,164,458,61,166,292,492,4,40,159,382,503,17,200,467,195,437,131,334,170,194,296,475,112,388,105,415,502,248,154,103,117,242,234,15,291,14,106,324,371,52,184,199,389,71,249,268,416,243,133,230,110,377,406,418,392,24,310,225,135,141,471,229,367,336,246,228,376,284,193,355,93,54,263,271,175,238,65,215
blk.10.ffn_down_exps.weight 488,267,507,92,453,466,119,354,419,490,236,48,279,240,314,280,26,473,362,50,411,342,78,307,409,27,8,326,253,10,153,461,328,349,51,391,77,441,343,188,308,299,173,60,87,223,86,99,129,1,305,469,301,269,167,393,222,274,114,350,273,102,345,494,487,178,226,2,143,480,88,126,300,145,37,125,53,66,233,255,506,379,424,378,82,402,322,265,400,499,436,287,288,446,361,501,32,303,282,220,180,81,508,227,139,120,177,107,311,405,456,380,97,348,5,158,44,331,203,20,365,370,247,444,211,504,31,440,163,497,3,293,30,101,421,28,69,338,187,366,323,413,214,148,346,218,332,448,252,357,351,317,212,425,429,146,156,278,47,408,313,395,330,29,251,216,410,320,250,189,56,327,137,325,67,396,368,510,150,171,423,403,275,270,493,309,373,333,95,46,417,232,64,152,483,341,304,164,458,61,166,292,492,4,40,159,382,503,17,200,467,195,437,131,334,170,194,296,475,112,388,105,415,502,248,154,103,117,242,234,15,291,14,106,324,371,52,184,199,389,71,249,268,416,243,133,230,110,377,406,418,392,24,310,225,135,141,471,229,367,336,246,228,376,284,193,355,93,54,263,271,175,238,65,215
blk.11.ffn_gate_exps.weight 126,273,268,84,422,238,78,370,398,163,258,471,46,117,343,234,339,86,367,212,315,474,9,129,177,287,446,390,425,59,371,503,189,247,157,392,376,243,481,379,196,188,154,500,71,76,255,3,178,45,132,251,416,242,511,372,148,386,63,131,402,269,162,18,297,328,223,415,141,508,170,410,350,308,442,235,201,38,256,229,99,127,491,193,17,181,171,460,0,406,111,197,509,272,294,340,230,438,90,502,138,335,198,53,249,451,194,23,452,322,103,205,33,246,501,113,400,61,377,498,233,337,165,495,32,279,81,49,91,25,336,14,20,289,296,120,414,456,424,364,430,381,325,11,60,344,395,470,69,342,477,216,413,195,391,192,88,389,185,397,409,169,224,476,338,98,39,28,168,468,449,329,119,209,210,259,166,504,75,385,510,496,34,444,200,428,324,214,66,323,221,286,270,293,375,394,302,36,125,85,399,218,441,380,262,5,321,288,317,72,347,427,274,426,54,373,457,351,65,306,260,450,95,349,363,250,48,108,97,213,488,388,253,473
blk.11.ffn_up_exps.weight 126,273,268,84,422,238,78,370,398,163,258,471,46,117,343,234,339,86,367,212,315,474,9,129,177,287,446,390,425,59,371,503,189,247,157,392,376,243,481,379,196,188,154,500,71,76,255,3,178,45,132,251,416,242,511,372,148,386,63,131,402,269,162,18,297,328,223,415,141,508,170,410,350,308,442,235,201,38,256,229,99,127,491,193,17,181,171,460,0,406,111,197,509,272,294,340,230,438,90,502,138,335,198,53,249,451,194,23,452,322,103,205,33,246,501,113,400,61,377,498,233,337,165,495,32,279,81,49,91,25,336,14,20,289,296,120,414,456,424,364,430,381,325,11,60,344,395,470,69,342,477,216,413,195,391,192,88,389,185,397,409,169,224,476,338,98,39,28,168,468,449,329,119,209,210,259,166,504,75,385,510,496,34,444,200,428,324,214,66,323,221,286,270,293,375,394,302,36,125,85,399,218,441,380,262,5,321,288,317,72,347,427,274,426,54,373,457,351,65,306,260,450,95,349,363,250,48,108,97,213,488,388,253,473
blk.11.ffn_down_exps.weight 126,273,268,84,422,238,78,370,398,163,258,471,46,117,343,234,339,86,367,212,315,474,9,129,177,287,446,390,425,59,371,503,189,247,157,392,376,243,481,379,196,188,154,500,71,76,255,3,178,45,132,251,416,242,511,372,148,386,63,131,402,269,162,18,297,328,223,415,141,508,170,410,350,308,442,235,201,38,256,229,99,127,491,193,17,181,171,460,0,406,111,197,509,272,294,340,230,438,90,502,138,335,198,53,249,451,194,23,452,322,103,205,33,246,501,113,400,61,377,498,233,337,165,495,32,279,81,49,91,25,336,14,20,289,296,120,414,456,424,364,430,381,325,11,60,344,395,470,69,342,477,216,413,195,391,192,88,389,185,397,409,169,224,476,338,98,39,28,168,468,449,329,119,209,210,259,166,504,75,385,510,496,34,444,200,428,324,214,66,323,221,286,270,293,375,394,302,36,125,85,399,218,441,380,262,5,321,288,317,72,347,427,274,426,54,373,457,351,65,306,260,450,95,349,363,250,48,108,97,213,488,388,253,473
blk.12.ffn_gate_exps.weight 48,288,63,228,269,372,47,144,491,401,360,29,475,75,51,438,223,404,242,37,312,286,299,432,104,459,303,266,0,2,7,216,210,502,327,307,246,302,78,135,264,318,494,33,226,206,22,463,267,189,178,493,138,331,498,378,220,86,154,98,351,419,87,400,304,287,444,497,127,243,410,313,182,301,221,377,399,155,457,456,340,227,390,386,11,379,4,136,209,251,140,192,324,142,1,466,470,35,434,395,165,363,416,294,262,231,120,271,326,249,445,406,111,319,309,80,93,474,198,505,506,380,305,10,409,480,32,408,289,143,64,147,389,281,306,258,96,18,510,507,219,484,91,90,60,495,317,6,17,284,234,9,277,268,113,82,476,290,180,100,150,355,176,21,453,343,168,97,50,392,8,201,151,442,334,218,429,36,253,248,103,257,435,345,160,292,217,202,181,42,156,52,174,193,238,141,328,278,412,161,157,145,139,27,15,214,316,433,224,421,250,273,501,203,485,426,496,298,418,263,73,175,14,369,240,114,352,177,467,186,23,225,44,365,241,315,108,347,229,276,38,451,85,30,25,162,265,164,131,296,420,465,252,283,39,88,471,338,430
blk.12.ffn_up_exps.weight 48,288,63,228,269,372,47,144,491,401,360,29,475,75,51,438,223,404,242,37,312,286,299,432,104,459,303,266,0,2,7,216,210,502,327,307,246,302,78,135,264,318,494,33,226,206,22,463,267,189,178,493,138,331,498,378,220,86,154,98,351,419,87,400,304,287,444,497,127,243,410,313,182,301,221,377,399,155,457,456,340,227,390,386,11,379,4,136,209,251,140,192,324,142,1,466,470,35,434,395,165,363,416,294,262,231,120,271,326,249,445,406,111,319,309,80,93,474,198,505,506,380,305,10,409,480,32,408,289,143,64,147,389,281,306,258,96,18,510,507,219,484,91,90,60,495,317,6,17,284,234,9,277,268,113,82,476,290,180,100,150,355,176,21,453,343,168,97,50,392,8,201,151,442,334,218,429,36,253,248,103,257,435,345,160,292,217,202,181,42,156,52,174,193,238,141,328,278,412,161,157,145,139,27,15,214,316,433,224,421,250,273,501,203,485,426,496,298,418,263,73,175,14,369,240,114,352,177,467,186,23,225,44,365,241,315,108,347,229,276,38,451,85,30,25,162,265,164,131,296,420,465,252,283,39,88,471,338,430
blk.12.ffn_down_exps.weight 48,288,63,228,269,372,47,144,491,401,360,29,475,75,51,438,223,404,242,37,312,286,299,432,104,459,303,266,0,2,7,216,210,502,327,307,246,302,78,135,264,318,494,33,226,206,22,463,267,189,178,493,138,331,498,378,220,86,154,98,351,419,87,400,304,287,444,497,127,243,410,313,182,301,221,377,399,155,457,456,340,227,390,386,11,379,4,136,209,251,140,192,324,142,1,466,470,35,434,395,165,363,416,294,262,231,120,271,326,249,445,406,111,319,309,80,93,474,198,505,506,380,305,10,409,480,32,408,289,143,64,147,389,281,306,258,96,18,510,507,219,484,91,90,60,495,317,6,17,284,234,9,277,268,113,82,476,290,180,100,150,355,176,21,453,343,168,97,50,392,8,201,151,442,334,218,429,36,253,248,103,257,435,345,160,292,217,202,181,42,156,52,174,193,238,141,328,278,412,161,157,145,139,27,15,214,316,433,224,421,250,273,501,203,485,426,496,298,418,263,73,175,14,369,240,114,352,177,467,186,23,225,44,365,241,315,108,347,229,276,38,451,85,30,25,162,265,164,131,296,420,465,252,283,39,88,471,338,430
blk.13.ffn_gate_exps.weight 265,119,250,35,385,298,348,457,286,273,461,311,211,395,387,167,302,40,169,344,201,419,487,391,128,373,91,390,455,318,157,274,339,50,411,330,396,329,326,71,374,84,107,26,121,257,276,304,367,303,486,280,7,75,412,124,244,347,247,137,338,423,380,485,478,208,148,233,181,129,264,155,427,195,105,36,431,175,467,454,8,277,80,435,113,372,465,292,255,263,266,92,365,116,399,394,335,334,248,422,441,336,27,31,312,127,6,72,506,55,13,480,253,96,225,202,332,491,328,147,97,82,29,177,499,382,62,498,234,215,352,18,101,22,68,472,226,160,483,223,14,259,93,66,144,187,198,370,241,34,48,42,270,475,340,193,146,69,511,308,420,481,355,316,402,117,76,456,288,81,205,138,171,433,445,291,200,143,154,184,242,283,246,476,222,473,221,392,10,43,381,252,323,59,47,41,436,118,350,166,447,358,220,438,275,64,429,406,261,130,421,426,239,51,176,106,474,463,404,290,321,453,206,227,17,297,109,100,324,345,371,341,379,484,108,364,110,89,165,203,20,164,115,509,60,44,21,52,186,360,83,140,400,346,306,243,77,258,293,153,156,58,30,39,377,114,296,209,507,224,24,369
blk.13.ffn_up_exps.weight 265,119,250,35,385,298,348,457,286,273,461,311,211,395,387,167,302,40,169,344,201,419,487,391,128,373,91,390,455,318,157,274,339,50,411,330,396,329,326,71,374,84,107,26,121,257,276,304,367,303,486,280,7,75,412,124,244,347,247,137,338,423,380,485,478,208,148,233,181,129,264,155,427,195,105,36,431,175,467,454,8,277,80,435,113,372,465,292,255,263,266,92,365,116,399,394,335,334,248,422,441,336,27,31,312,127,6,72,506,55,13,480,253,96,225,202,332,491,328,147,97,82,29,177,499,382,62,498,234,215,352,18,101,22,68,472,226,160,483,223,14,259,93,66,144,187,198,370,241,34,48,42,270,475,340,193,146,69,511,308,420,481,355,316,402,117,76,456,288,81,205,138,171,433,445,291,200,143,154,184,242,283,246,476,222,473,221,392,10,43,381,252,323,59,47,41,436,118,350,166,447,358,220,438,275,64,429,406,261,130,421,426,239,51,176,106,474,463,404,290,321,453,206,227,17,297,109,100,324,345,371,341,379,484,108,364,110,89,165,203,20,164,115,509,60,44,21,52,186,360,83,140,400,346,306,243,77,258,293,153,156,58,30,39,377,114,296,209,507,224,24,369
blk.13.ffn_down_exps.weight 265,119,250,35,385,298,348,457,286,273,461,311,211,395,387,167,302,40,169,344,201,419,487,391,128,373,91,390,455,318,157,274,339,50,411,330,396,329,326,71,374,84,107,26,121,257,276,304,367,303,486,280,7,75,412,124,244,347,247,137,338,423,380,485,478,208,148,233,181,129,264,155,427,195,105,36,431,175,467,454,8,277,80,435,113,372,465,292,255,263,266,92,365,116,399,394,335,334,248,422,441,336,27,31,312,127,6,72,506,55,13,480,253,96,225,202,332,491,328,147,97,82,29,177,499,382,62,498,234,215,352,18,101,22,68,472,226,160,483,223,14,259,93,66,144,187,198,370,241,34,48,42,270,475,340,193,146,69,511,308,420,481,355,316,402,117,76,456,288,81,205,138,171,433,445,291,200,143,154,184,242,283,246,476,222,473,221,392,10,43,381,252,323,59,47,41,436,118,350,166,447,358,220,438,275,64,429,406,261,130,421,426,239,51,176,106,474,463,404,290,321,453,206,227,17,297,109,100,324,345,371,341,379,484,108,364,110,89,165,203,20,164,115,509,60,44,21,52,186,360,83,140,400,346,306,243,77,258,293,153,156,58,30,39,377,114,296,209,507,224,24,369
blk.14.ffn_gate_exps.weight 461,231,212,6,486,396,138,127,268,431,305,160,243,94,439,96,506,34,254,192,283,477,97,176,46,119,263,335,300,511,117,142,377,487,341,351,187,262,336,90,84,277,488,285,56,1,70,437,108,249,233,312,9,500,383,74,211,105,19,311,462,460,18,33,80,64,446,401,125,321,374,497,409,47,299,498,441,275,44,175,448,69,14,28,420,201,344,509,308,340,429,303,196,284,43,188,464,450,137,92,136,489,508,189,213,218,485,454,55,388,451,65,130,103,333,82,66,382,166,293,54,132,20,77,314,406,504,38,259,147,412,387,15,107,425,264,280,354,474,328,482,37,143,148,281,2,78,301,435,282,302,236,436,381,353,256,367,368,417,29,501,140,438,59,35,122,510,424,428,473,318,227,472,83,134,168,225,162,11,126,484,329,251,323,279,145,430,10,79,62,49,124,207,337,478,490,331,286,215,58,216,234,36,370,416,165,95,106,378,276,242,414,457,238,294,408,502,419,427,250,110,292,93,181,444,219,434,495,232,445,467,258,102,371,151,316,241,398,459,169,112,403,345,338,76,471,492,174,384
blk.14.ffn_up_exps.weight 461,231,212,6,486,396,138,127,268,431,305,160,243,94,439,96,506,34,254,192,283,477,97,176,46,119,263,335,300,511,117,142,377,487,341,351,187,262,336,90,84,277,488,285,56,1,70,437,108,249,233,312,9,500,383,74,211,105,19,311,462,460,18,33,80,64,446,401,125,321,374,497,409,47,299,498,441,275,44,175,448,69,14,28,420,201,344,509,308,340,429,303,196,284,43,188,464,450,137,92,136,489,508,189,213,218,485,454,55,388,451,65,130,103,333,82,66,382,166,293,54,132,20,77,314,406,504,38,259,147,412,387,15,107,425,264,280,354,474,328,482,37,143,148,281,2,78,301,435,282,302,236,436,381,353,256,367,368,417,29,501,140,438,59,35,122,510,424,428,473,318,227,472,83,134,168,225,162,11,126,484,329,251,323,279,145,430,10,79,62,49,124,207,337,478,490,331,286,215,58,216,234,36,370,416,165,95,106,378,276,242,414,457,238,294,408,502,419,427,250,110,292,93,181,444,219,434,495,232,445,467,258,102,371,151,316,241,398,459,169,112,403,345,338,76,471,492,174,384
blk.14.ffn_down_exps.weight 461,231,212,6,486,396,138,127,268,431,305,160,243,94,439,96,506,34,254,192,283,477,97,176,46,119,263,335,300,511,117,142,377,487,341,351,187,262,336,90,84,277,488,285,56,1,70,437,108,249,233,312,9,500,383,74,211,105,19,311,462,460,18,33,80,64,446,401,125,321,374,497,409,47,299,498,441,275,44,175,448,69,14,28,420,201,344,509,308,340,429,303,196,284,43,188,464,450,137,92,136,489,508,189,213,218,485,454,55,388,451,65,130,103,333,82,66,382,166,293,54,132,20,77,314,406,504,38,259,147,412,387,15,107,425,264,280,354,474,328,482,37,143,148,281,2,78,301,435,282,302,236,436,381,353,256,367,368,417,29,501,140,438,59,35,122,510,424,428,473,318,227,472,83,134,168,225,162,11,126,484,329,251,323,279,145,430,10,79,62,49,124,207,337,478,490,331,286,215,58,216,234,36,370,416,165,95,106,378,276,242,414,457,238,294,408,502,419,427,250,110,292,93,181,444,219,434,495,232,445,467,258,102,371,151,316,241,398,459,169,112,403,345,338,76,471,492,174,384
blk.15.ffn_gate_exps.weight 346,6,193,289,250,281,199,494,51,209,290,53,375,306,166,204,318,178,169,156,198,76,428,226,254,503,22,508,81,19,302,486,426,309,418,185,18,113,374,311,90,274,410,399,143,402,394,244,77,288,429,31,111,134,231,61,212,220,408,119,510,160,479,190,240,59,488,203,258,230,321,175,36,32,400,327,511,222,105,457,44,37,475,70,66,163,25,325,342,376,180,46,350,101,251,167,391,406,128,472,461,396,228,296,58,491,131,285,466,390,217,347,238,125,150,145,340,384,314,219,427,67,74,487,474,267,446,414,506,173,411,447,38,484,234,189,331,283,343,253,152,359,117,315,329,365,63,328,27,135,324,10,2,237,504,435,47,265,323,295,287,136,422,35,186,415,221,451,103,441,424,485,102,351
blk.15.ffn_up_exps.weight 346,6,193,289,250,281,199,494,51,209,290,53,375,306,166,204,318,178,169,156,198,76,428,226,254,503,22,508,81,19,302,486,426,309,418,185,18,113,374,311,90,274,410,399,143,402,394,244,77,288,429,31,111,134,231,61,212,220,408,119,510,160,479,190,240,59,488,203,258,230,321,175,36,32,400,327,511,222,105,457,44,37,475,70,66,163,25,325,342,376,180,46,350,101,251,167,391,406,128,472,461,396,228,296,58,491,131,285,466,390,217,347,238,125,150,145,340,384,314,219,427,67,74,487,474,267,446,414,506,173,411,447,38,484,234,189,331,283,343,253,152,359,117,315,329,365,63,328,27,135,324,10,2,237,504,435,47,265,323,295,287,136,422,35,186,415,221,451,103,441,424,485,102,351
blk.15.ffn_down_exps.weight 346,6,193,289,250,281,199,494,51,209,290,53,375,306,166,204,318,178,169,156,198,76,428,226,254,503,22,508,81,19,302,486,426,309,418,185,18,113,374,311,90,274,410,399,143,402,394,244,77,288,429,31,111,134,231,61,212,220,408,119,510,160,479,190,240,59,488,203,258,230,321,175,36,32,400,327,511,222,105,457,44,37,475,70,66,163,25,325,342,376,180,46,350,101,251,167,391,406,128,472,461,396,228,296,58,491,131,285,466,390,217,347,238,125,150,145,340,384,314,219,427,67,74,487,474,267,446,414,506,173,411,447,38,484,234,189,331,283,343,253,152,359,117,315,329,365,63,328,27,135,324,10,2,237,504,435,47,265,323,295,287,136,422,35,186,415,221,451,103,441,424,485,102,351
blk.16.ffn_gate_exps.weight 429,263,74,256,441,424,438,199,91,174,440,309,243,146,283,505,325,110,26,400,373,212,272,38,52,356,187,342,228,115,203,487,23,427,382,299,133,333,364,409,391,278,58,442,432,252,394,370,3,245,201,269,97,332,207,130,399,405,480,419,449,254,265,470,225,365,192,28,446,390,216,261,231,189,143,493,31,338,137,300,237,403,148,9,84,506,368,472,140,2,90,59,459,68,75,334,306,396,156,194,482,120,224,246,331,250,157,428,191,486,302,420,490,281,182,308,495,421,141,5,34,25,255,352,51,184,129,481,417,270,134,434,168,227,100,12,92,190,489,385,67,230,47,311,439,105,94,163,511,496,277,48,447,330,260,377,242,114,354,363,297,179,317,50,465,232,466,327,56,307,219,353,336,36,60,473,416,142,149,139,112,20,474
blk.16.ffn_up_exps.weight 429,263,74,256,441,424,438,199,91,174,440,309,243,146,283,505,325,110,26,400,373,212,272,38,52,356,187,342,228,115,203,487,23,427,382,299,133,333,364,409,391,278,58,442,432,252,394,370,3,245,201,269,97,332,207,130,399,405,480,419,449,254,265,470,225,365,192,28,446,390,216,261,231,189,143,493,31,338,137,300,237,403,148,9,84,506,368,472,140,2,90,59,459,68,75,334,306,396,156,194,482,120,224,246,331,250,157,428,191,486,302,420,490,281,182,308,495,421,141,5,34,25,255,352,51,184,129,481,417,270,134,434,168,227,100,12,92,190,489,385,67,230,47,311,439,105,94,163,511,496,277,48,447,330,260,377,242,114,354,363,297,179,317,50,465,232,466,327,56,307,219,353,336,36,60,473,416,142,149,139,112,20,474
blk.16.ffn_down_exps.weight 429,263,74,256,441,424,438,199,91,174,440,309,243,146,283,505,325,110,26,400,373,212,272,38,52,356,187,342,228,115,203,487,23,427,382,299,133,333,364,409,391,278,58,442,432,252,394,370,3,245,201,269,97,332,207,130,399,405,480,419,449,254,265,470,225,365,192,28,446,390,216,261,231,189,143,493,31,338,137,300,237,403,148,9,84,506,368,472,140,2,90,59,459,68,75,334,306,396,156,194,482,120,224,246,331,250,157,428,191,486,302,420,490,281,182,308,495,421,141,5,34,25,255,352,51,184,129,481,417,270,134,434,168,227,100,12,92,190,489,385,67,230,47,311,439,105,94,163,511,496,277,48,447,330,260,377,242,114,354,363,297,179,317,50,465,232,466,327,56,307,219,353,336,36,60,473,416,142,149,139,112,20,474
blk.17.ffn_gate_exps.weight 243,422,467,499,147,105,209,296,378,53,372,505,90,413,410,273,469,463,311,443,102,67,151,61,365,454,143,159,381,122,457,93,121,126,68,331,106,207,353,203,500,72,276,50,371,338,136,285,173,132,8,286,156,139,405,497,215,42,488,246,172,169,425,462,81,460,432,367,186,196,411,218,117,350,379,166,389,63,6,244,272,305,86,394,226,313,424,440,486,14,419,355,37,429,74,275,87,387,466,208,83,341,112,309,473,0,442,152,477,351,364,58,191,197,453,266,294,39,430,495,138,334,47,163,34,85,145,383,504,193,234,123,82,278,324,214,12,265,150,349,125,345,168,225,154,84,194,363,307,452,187,101,134,99,470,4,108,192,155,95,400,70,43,317,303,295,220,78,328,297,128,436,450,377,240,28,260,211,224,254,231,165,407,494,20,124,489,484,113,3,264,253,175,73,104,160,216,368,393,51,1,88,314,437,396,179,347,75,56,439,223,170,423,19,503,148,404,476,33,251,426,142,464,180,458,252,398,373,487,438,290,359,250,431,206
blk.17.ffn_up_exps.weight 243,422,467,499,147,105,209,296,378,53,372,505,90,413,410,273,469,463,311,443,102,67,151,61,365,454,143,159,381,122,457,93,121,126,68,331,106,207,353,203,500,72,276,50,371,338,136,285,173,132,8,286,156,139,405,497,215,42,488,246,172,169,425,462,81,460,432,367,186,196,411,218,117,350,379,166,389,63,6,244,272,305,86,394,226,313,424,440,486,14,419,355,37,429,74,275,87,387,466,208,83,341,112,309,473,0,442,152,477,351,364,58,191,197,453,266,294,39,430,495,138,334,47,163,34,85,145,383,504,193,234,123,82,278,324,214,12,265,150,349,125,345,168,225,154,84,194,363,307,452,187,101,134,99,470,4,108,192,155,95,400,70,43,317,303,295,220,78,328,297,128,436,450,377,240,28,260,211,224,254,231,165,407,494,20,124,489,484,113,3,264,253,175,73,104,160,216,368,393,51,1,88,314,437,396,179,347,75,56,439,223,170,423,19,503,148,404,476,33,251,426,142,464,180,458,252,398,373,487,438,290,359,250,431,206
blk.17.ffn_down_exps.weight 243,422,467,499,147,105,209,296,378,53,372,505,90,413,410,273,469,463,311,443,102,67,151,61,365,454,143,159,381,122,457,93,121,126,68,331,106,207,353,203,500,72,276,50,371,338,136,285,173,132,8,286,156,139,405,497,215,42,488,246,172,169,425,462,81,460,432,367,186,196,411,218,117,350,379,166,389,63,6,244,272,305,86,394,226,313,424,440,486,14,419,355,37,429,74,275,87,387,466,208,83,341,112,309,473,0,442,152,477,351,364,58,191,197,453,266,294,39,430,495,138,334,47,163,34,85,145,383,504,193,234,123,82,278,324,214,12,265,150,349,125,345,168,225,154,84,194,363,307,452,187,101,134,99,470,4,108,192,155,95,400,70,43,317,303,295,220,78,328,297,128,436,450,377,240,28,260,211,224,254,231,165,407,494,20,124,489,484,113,3,264,253,175,73,104,160,216,368,393,51,1,88,314,437,396,179,347,75,56,439,223,170,423,19,503,148,404,476,33,251,426,142,464,180,458,252,398,373,487,438,290,359,250,431,206
blk.18.ffn_gate_exps.weight 201,142,58,308,36,82,331,379,168,188,437,497,443,34,49,395,80,394,241,164,55,264,185,213,284,461,108,418,11,62,414,223,178,298,457,229,500,435,349,170,293,416,434,336,402,287,84,184,283,117,506,510,483,450,252,109,304,444,306,390,347,408,327,384,106,419,67,366,503,127,319,21,154,485,5,282,48,95,507,69,341,242,137,199,174,244,134,442,179,486,207,307,249,92,337,46,260,183,403,132,343,246,13,159,54,116,96,135,103,122,94,436,141,195,358,42,276,273,496,330,111,256,409,176,340,233,300,294,152,255,72,468,471,112,81,19,492,220,235,321,393,131,291,370,478,43,53,388,385,475,219,440,125,250,38,302,373,212,305,91,231,70,198,211,288,238,119,63,227,364,248,354,396,484,413,25,216,398,399,405,392,310,464,165,487,79,162,357,272,391,85,459,26,465,386,156,150,98,363,100,120,407,114,303,118,431,371,477,426,401,196,279,285,209,317,476,130,90,417,278,210,432,193,280,78,466,204,353,151,335,377,404,344,433,41,361,265,1,76,93,136,472,189,87,107,501,381,89,228,128,30,203,101,147,494,61,318,29,7,240,267,334,230,421,447,102,309,281,508,234,6,239,261,455,123,345,326,47,338,181,491,215,428,490,493,505,202,376,313,473
blk.18.ffn_up_exps.weight 201,142,58,308,36,82,331,379,168,188,437,497,443,34,49,395,80,394,241,164,55,264,185,213,284,461,108,418,11,62,414,223,178,298,457,229,500,435,349,170,293,416,434,336,402,287,84,184,283,117,506,510,483,450,252,109,304,444,306,390,347,408,327,384,106,419,67,366,503,127,319,21,154,485,5,282,48,95,507,69,341,242,137,199,174,244,134,442,179,486,207,307,249,92,337,46,260,183,403,132,343,246,13,159,54,116,96,135,103,122,94,436,141,195,358,42,276,273,496,330,111,256,409,176,340,233,300,294,152,255,72,468,471,112,81,19,492,220,235,321,393,131,291,370,478,43,53,388,385,475,219,440,125,250,38,302,373,212,305,91,231,70,198,211,288,238,119,63,227,364,248,354,396,484,413,25,216,398,399,405,392,310,464,165,487,79,162,357,272,391,85,459,26,465,386,156,150,98,363,100,120,407,114,303,118,431,371,477,426,401,196,279,285,209,317,476,130,90,417,278,210,432,193,280,78,466,204,353,151,335,377,404,344,433,41,361,265,1,76,93,136,472,189,87,107,501,381,89,228,128,30,203,101,147,494,61,318,29,7,240,267,334,230,421,447,102,309,281,508,234,6,239,261,455,123,345,326,47,338,181,491,215,428,490,493,505,202,376,313,473
blk.18.ffn_down_exps.weight 201,142,58,308,36,82,331,379,168,188,437,497,443,34,49,395,80,394,241,164,55,264,185,213,284,461,108,418,11,62,414,223,178,298,457,229,500,435,349,170,293,416,434,336,402,287,84,184,283,117,506,510,483,450,252,109,304,444,306,390,347,408,327,384,106,419,67,366,503,127,319,21,154,485,5,282,48,95,507,69,341,242,137,199,174,244,134,442,179,486,207,307,249,92,337,46,260,183,403,132,343,246,13,159,54,116,96,135,103,122,94,436,141,195,358,42,276,273,496,330,111,256,409,176,340,233,300,294,152,255,72,468,471,112,81,19,492,220,235,321,393,131,291,370,478,43,53,388,385,475,219,440,125,250,38,302,373,212,305,91,231,70,198,211,288,238,119,63,227,364,248,354,396,484,413,25,216,398,399,405,392,310,464,165,487,79,162,357,272,391,85,459,26,465,386,156,150,98,363,100,120,407,114,303,118,431,371,477,426,401,196,279,285,209,317,476,130,90,417,278,210,432,193,280,78,466,204,353,151,335,377,404,344,433,41,361,265,1,76,93,136,472,189,87,107,501,381,89,228,128,30,203,101,147,494,61,318,29,7,240,267,334,230,421,447,102,309,281,508,234,6,239,261,455,123,345,326,47,338,181,491,215,428,490,493,505,202,376,313,473
blk.19.ffn_gate_exps.weight 64,469,80,47,356,255,463,342,269,388,292,225,313,14,222,206,499,454,24,246,368,329,361,498,59,109,82,414,31,327,308,88,411,129,367,46,92,7,26,407,374,51,245,371,309,45,171,253,349,483,455,124,262,273,337,163,87,479,33,487,73,173,434,223,20,426,468,165,62,99,5,63,210,145,128,174,453,506,207,366,22,375,1,286,445,328,10,377,113,280,360,104,49,208,75,147,421,331,78,175,34,0,138,212,503,66,396,408,291,193,489,373,162,135,505,110,140,314,192,258,263,459,94,239,179,307,11,144,429,142,194,54,364,169,394,55,181,149,378,385,251,456,157,389,252,254,341,452,403,413,265,501,125,433,116,477,229,437,288,217,161,482,197,435,345,424,334,494,330,387,16,37,282,443,9,177,289,38,351,90,67,120,127,133,409,380,148,52,8,2,267,338,226,243,103,232,236,160,131,311,187,240,101,69,472,444,100,271,458,6,294,231,495,343,81,96,502,379,106,481,84,56,215,260,283,404,4,279,508,195,474,36,507,416,383,355,316,71,359,365,136,382,315,393,184,317,180,242,277,3,509,399,475,363,460
blk.19.ffn_up_exps.weight 64,469,80,47,356,255,463,342,269,388,292,225,313,14,222,206,499,454,24,246,368,329,361,498,59,109,82,414,31,327,308,88,411,129,367,46,92,7,26,407,374,51,245,371,309,45,171,253,349,483,455,124,262,273,337,163,87,479,33,487,73,173,434,223,20,426,468,165,62,99,5,63,210,145,128,174,453,506,207,366,22,375,1,286,445,328,10,377,113,280,360,104,49,208,75,147,421,331,78,175,34,0,138,212,503,66,396,408,291,193,489,373,162,135,505,110,140,314,192,258,263,459,94,239,179,307,11,144,429,142,194,54,364,169,394,55,181,149,378,385,251,456,157,389,252,254,341,452,403,413,265,501,125,433,116,477,229,437,288,217,161,482,197,435,345,424,334,494,330,387,16,37,282,443,9,177,289,38,351,90,67,120,127,133,409,380,148,52,8,2,267,338,226,243,103,232,236,160,131,311,187,240,101,69,472,444,100,271,458,6,294,231,495,343,81,96,502,379,106,481,84,56,215,260,283,404,4,279,508,195,474,36,507,416,383,355,316,71,359,365,136,382,315,393,184,317,180,242,277,3,509,399,475,363,460
blk.19.ffn_down_exps.weight 64,469,80,47,356,255,463,342,269,388,292,225,313,14,222,206,499,454,24,246,368,329,361,498,59,109,82,414,31,327,308,88,411,129,367,46,92,7,26,407,374,51,245,371,309,45,171,253,349,483,455,124,262,273,337,163,87,479,33,487,73,173,434,223,20,426,468,165,62,99,5,63,210,145,128,174,453,506,207,366,22,375,1,286,445,328,10,377,113,280,360,104,49,208,75,147,421,331,78,175,34,0,138,212,503,66,396,408,291,193,489,373,162,135,505,110,140,314,192,258,263,459,94,239,179,307,11,144,429,142,194,54,364,169,394,55,181,149,378,385,251,456,157,389,252,254,341,452,403,413,265,501,125,433,116,477,229,437,288,217,161,482,197,435,345,424,334,494,330,387,16,37,282,443,9,177,289,38,351,90,67,120,127,133,409,380,148,52,8,2,267,338,226,243,103,232,236,160,131,311,187,240,101,69,472,444,100,271,458,6,294,231,495,343,81,96,502,379,106,481,84,56,215,260,283,404,4,279,508,195,474,36,507,416,383,355,316,71,359,365,136,382,315,393,184,317,180,242,277,3,509,399,475,363,460
blk.20.ffn_gate_exps.weight 214,445,397,94,138,56,34,250,334,233,410,75,170,366,140,58,5,346,434,467,347,437,339,494,180,13,413,477,85,469,345,260,426,229,456,457,167,86,47,147,122,262,117,209,289,55,136,284,290,296,507,78,501,173,349,508,41,27,318,157,218,440,492,93,225,15,248,64,311,354,304,438,251,321,464,448,76,57,202,125,297,278,10,198,401,49,327,506,478,79,215,158,468,182,65,62,228,385,91,226,475,325,388,454,2,177,415,192,131,90,387,485,154,422,279,148,380,376,479,23,310,96,98,30,441,107,95,435,171,18,332,407,84,308,213,7,430,335,234,272,391,221,473,382,511,265,270,109,258,451,497,418,243,423,249,115,351,33,168,268,342,344,26,16,298,252,488,481,442,466,244,489,8,45,104,155,316,486,482,350,235,305,261,459,357,392,421,124,433,118,450,127,66,6,53,210,239,39,375,237,153,495,106,211,288,102,189,149,105,123,216,195,447,176,363,43,500,50,185,293,178,99,132,111,264,68,320,361,40,116,312,491,411,152,113,399,328,87,484,383,29,74,281,130,81,465,499,424,353,389,315,406,313,307,267
blk.20.ffn_up_exps.weight 214,445,397,94,138,56,34,250,334,233,410,75,170,366,140,58,5,346,434,467,347,437,339,494,180,13,413,477,85,469,345,260,426,229,456,457,167,86,47,147,122,262,117,209,289,55,136,284,290,296,507,78,501,173,349,508,41,27,318,157,218,440,492,93,225,15,248,64,311,354,304,438,251,321,464,448,76,57,202,125,297,278,10,198,401,49,327,506,478,79,215,158,468,182,65,62,228,385,91,226,475,325,388,454,2,177,415,192,131,90,387,485,154,422,279,148,380,376,479,23,310,96,98,30,441,107,95,435,171,18,332,407,84,308,213,7,430,335,234,272,391,221,473,382,511,265,270,109,258,451,497,418,243,423,249,115,351,33,168,268,342,344,26,16,298,252,488,481,442,466,244,489,8,45,104,155,316,486,482,350,235,305,261,459,357,392,421,124,433,118,450,127,66,6,53,210,239,39,375,237,153,495,106,211,288,102,189,149,105,123,216,195,447,176,363,43,500,50,185,293,178,99,132,111,264,68,320,361,40,116,312,491,411,152,113,399,328,87,484,383,29,74,281,130,81,465,499,424,353,389,315,406,313,307,267
blk.20.ffn_down_exps.weight 214,445,397,94,138,56,34,250,334,233,410,75,170,366,140,58,5,346,434,467,347,437,339,494,180,13,413,477,85,469,345,260,426,229,456,457,167,86,47,147,122,262,117,209,289,55,136,284,290,296,507,78,501,173,349,508,41,27,318,157,218,440,492,93,225,15,248,64,311,354,304,438,251,321,464,448,76,57,202,125,297,278,10,198,401,49,327,506,478,79,215,158,468,182,65,62,228,385,91,226,475,325,388,454,2,177,415,192,131,90,387,485,154,422,279,148,380,376,479,23,310,96,98,30,441,107,95,435,171,18,332,407,84,308,213,7,430,335,234,272,391,221,473,382,511,265,270,109,258,451,497,418,243,423,249,115,351,33,168,268,342,344,26,16,298,252,488,481,442,466,244,489,8,45,104,155,316,486,482,350,235,305,261,459,357,392,421,124,433,118,450,127,66,6,53,210,239,39,375,237,153,495,106,211,288,102,189,149,105,123,216,195,447,176,363,43,500,50,185,293,178,99,132,111,264,68,320,361,40,116,312,491,411,152,113,399,328,87,484,383,29,74,281,130,81,465,499,424,353,389,315,406,313,307,267
blk.21.ffn_gate_exps.weight 338,155,195,28,154,56,271,208,116,40,268,388,442,340,447,292,206,214,471,305,0,478,17,370,166,281,59,113,470,312,69,136,119,301,21,33,409,419,331,219,86,400,502,354,198,266,48,453,153,286,107,70,239,253,459,407,192,440,430,54,163,414,387,32,11,277,359,242,474,456,347,504,78,479,146,243,464,337,77,220,333,223,381,199,106,398,328,423,164,167,508,250,384,100,104,18,345,147,123,257,366,255,144,300,222,67,311,91,247,215,269,434,496,351,425,111,71,115,200,303,148,201,379,233,267,178,47,307,183,94,76,83,41,493,418,58,376,454,352,278,283,287,288,382,131,320,397,279,436,88,465,412,466,321,346,369,489,126,448,176,461,3,469,129,481,24,344,30,85,299,114,420,53,467,66,293,497,133,317,237,43,120,367,275,324,182,98,175,14,433,46,460,264,318,341,238,415,80,410,261,79,162,297,151,63,150,61,50,23,211,191,313,157,428,475,326,185,435,273,437,231,224,180,490,216,19,294,177,189,353,458,394,25,44,26,130,12,13,386,358,92,5,34,158,306,234,230,445,265,473,327,186,364,451,330,385,89,259,184,6,413,35,296,274,494,149,62,510,322,226,505,438,7,389,406,284
blk.21.ffn_up_exps.weight 338,155,195,28,154,56,271,208,116,40,268,388,442,340,447,292,206,214,471,305,0,478,17,370,166,281,59,113,470,312,69,136,119,301,21,33,409,419,331,219,86,400,502,354,198,266,48,453,153,286,107,70,239,253,459,407,192,440,430,54,163,414,387,32,11,277,359,242,474,456,347,504,78,479,146,243,464,337,77,220,333,223,381,199,106,398,328,423,164,167,508,250,384,100,104,18,345,147,123,257,366,255,144,300,222,67,311,91,247,215,269,434,496,351,425,111,71,115,200,303,148,201,379,233,267,178,47,307,183,94,76,83,41,493,418,58,376,454,352,278,283,287,288,382,131,320,397,279,436,88,465,412,466,321,346,369,489,126,448,176,461,3,469,129,481,24,344,30,85,299,114,420,53,467,66,293,497,133,317,237,43,120,367,275,324,182,98,175,14,433,46,460,264,318,341,238,415,80,410,261,79,162,297,151,63,150,61,50,23,211,191,313,157,428,475,326,185,435,273,437,231,224,180,490,216,19,294,177,189,353,458,394,25,44,26,130,12,13,386,358,92,5,34,158,306,234,230,445,265,473,327,186,364,451,330,385,89,259,184,6,413,35,296,274,494,149,62,510,322,226,505,438,7,389,406,284
blk.21.ffn_down_exps.weight 338,155,195,28,154,56,271,208,116,40,268,388,442,340,447,292,206,214,471,305,0,478,17,370,166,281,59,113,470,312,69,136,119,301,21,33,409,419,331,219,86,400,502,354,198,266,48,453,153,286,107,70,239,253,459,407,192,440,430,54,163,414,387,32,11,277,359,242,474,456,347,504,78,479,146,243,464,337,77,220,333,223,381,199,106,398,328,423,164,167,508,250,384,100,104,18,345,147,123,257,366,255,144,300,222,67,311,91,247,215,269,434,496,351,425,111,71,115,200,303,148,201,379,233,267,178,47,307,183,94,76,83,41,493,418,58,376,454,352,278,283,287,288,382,131,320,397,279,436,88,465,412,466,321,346,369,489,126,448,176,461,3,469,129,481,24,344,30,85,299,114,420,53,467,66,293,497,133,317,237,43,120,367,275,324,182,98,175,14,433,46,460,264,318,341,238,415,80,410,261,79,162,297,151,63,150,61,50,23,211,191,313,157,428,475,326,185,435,273,437,231,224,180,490,216,19,294,177,189,353,458,394,25,44,26,130,12,13,386,358,92,5,34,158,306,234,230,445,265,473,327,186,364,451,330,385,89,259,184,6,413,35,296,274,494,149,62,510,322,226,505,438,7,389,406,284
blk.22.ffn_gate_exps.weight 453,269,115,402,422,468,489,179,413,424,328,186,349,434,52,449,125,469,215,264,467,192,111,379,225,320,384,142,65,193,51,17,252,230,255,177,316,42,369,253,399,96,86,113,381,23,205,499,509,387,500,444,423,429,303,78,39,329,150,494,290,368,295,306,400,281,341,224,21,345,276,471,40,465,74,239,3,373,374,452,472,258,503,504,77,59,69,293,442,343,126,448,372,401,66,273,339,270,20,479,307,380,162,511,283,178,10,408,334,41,81,188,432,447,405,8,507,56,495,460,377,83,43,181,97,132,223,30,461,112,48,404,221,145,305,428,394,11,122,160,149,357,201,440,416,437,35,121,385,57,414,110,441,302,133,6,287,199,419,425,309,24,308,300,218,60,195,251,378,197,426,480,375,360,226,344,421,102,358,261,498,164,163,476,313,317,366,33,406,267,108,450,464,310,337,268,123,146,32,355,390,318,361,137,141,175,34,462,371,353,127,55,363,364,321,330,435,242,325,136,410,483,172,58,289,7,445,393,213,391,332,76,386,398,71,446,382,148,200,185,487,415,171,482,508,198,244,278,196,53,492,352,297,266,475,37,169,288,279,159,243,365,497,262,403,510,19,28,72,14,2,376,470,491,397,231,99,356,219,220,259,210,411,89,478,135,454,214,156,118,323,247,314,180,49,12,165,473,485,392,292,282,191,173,235,18,236,474
blk.22.ffn_up_exps.weight 453,269,115,402,422,468,489,179,413,424,328,186,349,434,52,449,125,469,215,264,467,192,111,379,225,320,384,142,65,193,51,17,252,230,255,177,316,42,369,253,399,96,86,113,381,23,205,499,509,387,500,444,423,429,303,78,39,329,150,494,290,368,295,306,400,281,341,224,21,345,276,471,40,465,74,239,3,373,374,452,472,258,503,504,77,59,69,293,442,343,126,448,372,401,66,273,339,270,20,479,307,380,162,511,283,178,10,408,334,41,81,188,432,447,405,8,507,56,495,460,377,83,43,181,97,132,223,30,461,112,48,404,221,145,305,428,394,11,122,160,149,357,201,440,416,437,35,121,385,57,414,110,441,302,133,6,287,199,419,425,309,24,308,300,218,60,195,251,378,197,426,480,375,360,226,344,421,102,358,261,498,164,163,476,313,317,366,33,406,267,108,450,464,310,337,268,123,146,32,355,390,318,361,137,141,175,34,462,371,353,127,55,363,364,321,330,435,242,325,136,410,483,172,58,289,7,445,393,213,391,332,76,386,398,71,446,382,148,200,185,487,415,171,482,508,198,244,278,196,53,492,352,297,266,475,37,169,288,279,159,243,365,497,262,403,510,19,28,72,14,2,376,470,491,397,231,99,356,219,220,259,210,411,89,478,135,454,214,156,118,323,247,314,180,49,12,165,473,485,392,292,282,191,173,235,18,236,474
blk.22.ffn_down_exps.weight 453,269,115,402,422,468,489,179,413,424,328,186,349,434,52,449,125,469,215,264,467,192,111,379,225,320,384,142,65,193,51,17,252,230,255,177,316,42,369,253,399,96,86,113,381,23,205,499,509,387,500,444,423,429,303,78,39,329,150,494,290,368,295,306,400,281,341,224,21,345,276,471,40,465,74,239,3,373,374,452,472,258,503,504,77,59,69,293,442,343,126,448,372,401,66,273,339,270,20,479,307,380,162,511,283,178,10,408,334,41,81,188,432,447,405,8,507,56,495,460,377,83,43,181,97,132,223,30,461,112,48,404,221,145,305,428,394,11,122,160,149,357,201,440,416,437,35,121,385,57,414,110,441,302,133,6,287,199,419,425,309,24,308,300,218,60,195,251,378,197,426,480,375,360,226,344,421,102,358,261,498,164,163,476,313,317,366,33,406,267,108,450,464,310,337,268,123,146,32,355,390,318,361,137,141,175,34,462,371,353,127,55,363,364,321,330,435,242,325,136,410,483,172,58,289,7,445,393,213,391,332,76,386,398,71,446,382,148,200,185,487,415,171,482,508,198,244,278,196,53,492,352,297,266,475,37,169,288,279,159,243,365,497,262,403,510,19,28,72,14,2,376,470,491,397,231,99,356,219,220,259,210,411,89,478,135,454,214,156,118,323,247,314,180,49,12,165,473,485,392,292,282,191,173,235,18,236,474
blk.23.ffn_gate_exps.weight 316,242,398,238,498,408,212,317,471,143,92,193,486,33,320,423,42,52,239,290,354,73,163,260,176,379,381,57,15,376,375,390,199,356,206,377,167,83,469,391,78,234,480,154,21,146,468,277,422,372,323,105,237,147,118,158,301,123,496,337,504,329,435,1,13,24,336,511,440,355,85,148,160,343,464,384,493,263,425,162,296,289,396,330,173,285,332,81,186,453,225,4,84,334,272,481,107,168,213,95,115,451,45,321,156,257,46,139,477,124,431,410,282,424,314,363,20,205,127,181,63,507,262,129,503,478,155,64,415,482,459,43,251,126,69,303,96,174,35,266,416,88,27,175,169,214,185,322,232,406,142,506,246,270,228,247,192,404,103,313,331,443,233,339,505,470,318,219,74,369,61,475,465,135,308,120,325,476,383,414,97,256,409,361,187,305,324,128,279,221,49,87,441,150,157,86,450,275,302,402,389,114,368,117,106,399,420,446,54,152,195,328,32,502,341,292,358,258,190,245,357,197,352,340,60,492,77,6,138,463,466,350,119,244,82,110,23,353
blk.23.ffn_up_exps.weight 316,242,398,238,498,408,212,317,471,143,92,193,486,33,320,423,42,52,239,290,354,73,163,260,176,379,381,57,15,376,375,390,199,356,206,377,167,83,469,391,78,234,480,154,21,146,468,277,422,372,323,105,237,147,118,158,301,123,496,337,504,329,435,1,13,24,336,511,440,355,85,148,160,343,464,384,493,263,425,162,296,289,396,330,173,285,332,81,186,453,225,4,84,334,272,481,107,168,213,95,115,451,45,321,156,257,46,139,477,124,431,410,282,424,314,363,20,205,127,181,63,507,262,129,503,478,155,64,415,482,459,43,251,126,69,303,96,174,35,266,416,88,27,175,169,214,185,322,232,406,142,506,246,270,228,247,192,404,103,313,331,443,233,339,505,470,318,219,74,369,61,475,465,135,308,120,325,476,383,414,97,256,409,361,187,305,324,128,279,221,49,87,441,150,157,86,450,275,302,402,389,114,368,117,106,399,420,446,54,152,195,328,32,502,341,292,358,258,190,245,357,197,352,340,60,492,77,6,138,463,466,350,119,244,82,110,23,353
blk.23.ffn_down_exps.weight 316,242,398,238,498,408,212,317,471,143,92,193,486,33,320,423,42,52,239,290,354,73,163,260,176,379,381,57,15,376,375,390,199,356,206,377,167,83,469,391,78,234,480,154,21,146,468,277,422,372,323,105,237,147,118,158,301,123,496,337,504,329,435,1,13,24,336,511,440,355,85,148,160,343,464,384,493,263,425,162,296,289,396,330,173,285,332,81,186,453,225,4,84,334,272,481,107,168,213,95,115,451,45,321,156,257,46,139,477,124,431,410,282,424,314,363,20,205,127,181,63,507,262,129,503,478,155,64,415,482,459,43,251,126,69,303,96,174,35,266,416,88,27,175,169,214,185,322,232,406,142,506,246,270,228,247,192,404,103,313,331,443,233,339,505,470,318,219,74,369,61,475,465,135,308,120,325,476,383,414,97,256,409,361,187,305,324,128,279,221,49,87,441,150,157,86,450,275,302,402,389,114,368,117,106,399,420,446,54,152,195,328,32,502,341,292,358,258,190,245,357,197,352,340,60,492,77,6,138,463,466,350,119,244,82,110,23,353
blk.24.ffn_gate_exps.weight 11,414,477,155,422,191,124,160,210,39,325,63,366,356,370,461,449,189,355,339,151,307,438,199,505,442,170,304,351,397,290,35,426,87,283,503,162,161,233,126,284,110,466,178,486,439,239,41,175,470,275,369,400,53,291,496,65,268,236,482,111,138,215,383,392,386,59,363,330,78,345,32,378,251,432,242,182,183,447,389,509,205,113,201,4,296,169,66,292,154,9,357,381,116,427,140,80,244,358,173,320,190,408,177,75,471,181,202,134,445,316,227,176,488,30,322,337,387,317,219,318,274,180,272,490,255,146,312,109,497,468,3,148,132,349,115,377,353,218,475,13,328,262,119,234,171,241,419,249,331,498,485,487,473,365,286,206,108,277,462,163,270,458,308,319,52,402,235,192,37,217,306,238,204,489,156,200,344,399,150,131,84,51,250,46,425,450,433,437,329,104,360,57,97,144,504,354,91,368,99,416,347,507,440,212,203,165,379,50,396,282,21,24,271,229,230,60,114,263,47,248,460,301,68,164,285,8,311,420,211,341,335,27,394,463,342,279,224
blk.24.ffn_up_exps.weight 11,414,477,155,422,191,124,160,210,39,325,63,366,356,370,461,449,189,355,339,151,307,438,199,505,442,170,304,351,397,290,35,426,87,283,503,162,161,233,126,284,110,466,178,486,439,239,41,175,470,275,369,400,53,291,496,65,268,236,482,111,138,215,383,392,386,59,363,330,78,345,32,378,251,432,242,182,183,447,389,509,205,113,201,4,296,169,66,292,154,9,357,381,116,427,140,80,244,358,173,320,190,408,177,75,471,181,202,134,445,316,227,176,488,30,322,337,387,317,219,318,274,180,272,490,255,146,312,109,497,468,3,148,132,349,115,377,353,218,475,13,328,262,119,234,171,241,419,249,331,498,485,487,473,365,286,206,108,277,462,163,270,458,308,319,52,402,235,192,37,217,306,238,204,489,156,200,344,399,150,131,84,51,250,46,425,450,433,437,329,104,360,57,97,144,504,354,91,368,99,416,347,507,440,212,203,165,379,50,396,282,21,24,271,229,230,60,114,263,47,248,460,301,68,164,285,8,311,420,211,341,335,27,394,463,342,279,224
blk.24.ffn_down_exps.weight 11,414,477,155,422,191,124,160,210,39,325,63,366,356,370,461,449,189,355,339,151,307,438,199,505,442,170,304,351,397,290,35,426,87,283,503,162,161,233,126,284,110,466,178,486,439,239,41,175,470,275,369,400,53,291,496,65,268,236,482,111,138,215,383,392,386,59,363,330,78,345,32,378,251,432,242,182,183,447,389,509,205,113,201,4,296,169,66,292,154,9,357,381,116,427,140,80,244,358,173,320,190,408,177,75,471,181,202,134,445,316,227,176,488,30,322,337,387,317,219,318,274,180,272,490,255,146,312,109,497,468,3,148,132,349,115,377,353,218,475,13,328,262,119,234,171,241,419,249,331,498,485,487,473,365,286,206,108,277,462,163,270,458,308,319,52,402,235,192,37,217,306,238,204,489,156,200,344,399,150,131,84,51,250,46,425,450,433,437,329,104,360,57,97,144,504,354,91,368,99,416,347,507,440,212,203,165,379,50,396,282,21,24,271,229,230,60,114,263,47,248,460,301,68,164,285,8,311,420,211,341,335,27,394,463,342,279,224
blk.25.ffn_gate_exps.weight 68,129,301,154,395,111,506,501,349,430,153,80,398,298,360,168,89,442,214,321,145,132,259,346,213,232,77,502,340,183,49,239,40,352,139,140,361,409,429,374,495,457,55,96,436,372,60,8,416,194,142,200,67,17,71,25,161,82,264,237,171,62,166,122,267,314,73,376,310,380,317,350,443,370,452,466,90,462,446,11,155,497,307,205,34,508,484,318,150,191,286,288,63,420,103,415,274,167,45,14,210,46,216,431,246,369,377,422,291,58,483,399,54,256,206,100,459,456,438,355,39,125,106,131,344,306,511,426,485,458,477,157,393,141,20,359,2,463,87,282,464,83,70,316,488,152,325,203,330,185,479,284,492,475,472,37,130,320,243,273,334,208,204,187,299,473,79,160,427,249,303,126,30,285,300,507,293,74,471,348,440,4,421,86,278,118,78,245,400,432,223,26,351,469,0,233,450,263,417,33,44,480,394,341,6,84,468,362,364,405,42,322,391,7,92,423,313,280,368,270,109,248,401
blk.25.ffn_up_exps.weight 68,129,301,154,395,111,506,501,349,430,153,80,398,298,360,168,89,442,214,321,145,132,259,346,213,232,77,502,340,183,49,239,40,352,139,140,361,409,429,374,495,457,55,96,436,372,60,8,416,194,142,200,67,17,71,25,161,82,264,237,171,62,166,122,267,314,73,376,310,380,317,350,443,370,452,466,90,462,446,11,155,497,307,205,34,508,484,318,150,191,286,288,63,420,103,415,274,167,45,14,210,46,216,431,246,369,377,422,291,58,483,399,54,256,206,100,459,456,438,355,39,125,106,131,344,306,511,426,485,458,477,157,393,141,20,359,2,463,87,282,464,83,70,316,488,152,325,203,330,185,479,284,492,475,472,37,130,320,243,273,334,208,204,187,299,473,79,160,427,249,303,126,30,285,300,507,293,74,471,348,440,4,421,86,278,118,78,245,400,432,223,26,351,469,0,233,450,263,417,33,44,480,394,341,6,84,468,362,364,405,42,322,391,7,92,423,313,280,368,270,109,248,401
blk.25.ffn_down_exps.weight 68,129,301,154,395,111,506,501,349,430,153,80,398,298,360,168,89,442,214,321,145,132,259,346,213,232,77,502,340,183,49,239,40,352,139,140,361,409,429,374,495,457,55,96,436,372,60,8,416,194,142,200,67,17,71,25,161,82,264,237,171,62,166,122,267,314,73,376,310,380,317,350,443,370,452,466,90,462,446,11,155,497,307,205,34,508,484,318,150,191,286,288,63,420,103,415,274,167,45,14,210,46,216,431,246,369,377,422,291,58,483,399,54,256,206,100,459,456,438,355,39,125,106,131,344,306,511,426,485,458,477,157,393,141,20,359,2,463,87,282,464,83,70,316,488,152,325,203,330,185,479,284,492,475,472,37,130,320,243,273,334,208,204,187,299,473,79,160,427,249,303,126,30,285,300,507,293,74,471,348,440,4,421,86,278,118,78,245,400,432,223,26,351,469,0,233,450,263,417,33,44,480,394,341,6,84,468,362,364,405,42,322,391,7,92,423,313,280,368,270,109,248,401
blk.26.ffn_gate_exps.weight 92,488,466,506,494,240,119,48,299,490,453,322,10,354,50,424,393,27,71,107,473,44,125,362,280,36,279,26,236,391,409,129,222,348,349,51,267,273,78,82,153,379,178,411,314,223,400,274,211,326,307,441,345,177,86,366,173,8,487,238,213,311,143,114,343,507,480,361,371,220,1,53,102,97,300,301,365,32,499,203,2,278,305,308,233,87,60,88,295,469,253,275,456,265,471,296,31,180,402,448,421,501,446,320,164,484,67,167,58,66,269,99,332,413,440,373,232,188,335,5,346,35,334,429,318,489,159,282,141,175,69,77,338,410,245,163,208,103,444,146,461,139,158,377,405,479,47,61,30,403,120,306,126,251,3,154,37,419,327,497,29,425,432,263,226,194,287,268,417,113,464,304,303,510,415,229,170,288,460,387,193,28,117,176,271,101,112,81,56,100,255,95,206,171,492,396,14,319,247,212,118,4,20,227,370,350,65,264,190,79,137,468,160,340,324,214,352,423,184,436,156,437,40,204,385,382,408,187,509,351,83,503,336,313,368,84,428,457,483,7,21,111,392,452,68,389,467,270,152,218,291,502,438,475,454,508,433
blk.26.ffn_up_exps.weight 92,488,466,506,494,240,119,48,299,490,453,322,10,354,50,424,393,27,71,107,473,44,125,362,280,36,279,26,236,391,409,129,222,348,349,51,267,273,78,82,153,379,178,411,314,223,400,274,211,326,307,441,345,177,86,366,173,8,487,238,213,311,143,114,343,507,480,361,371,220,1,53,102,97,300,301,365,32,499,203,2,278,305,308,233,87,60,88,295,469,253,275,456,265,471,296,31,180,402,448,421,501,446,320,164,484,67,167,58,66,269,99,332,413,440,373,232,188,335,5,346,35,334,429,318,489,159,282,141,175,69,77,338,410,245,163,208,103,444,146,461,139,158,377,405,479,47,61,30,403,120,306,126,251,3,154,37,419,327,497,29,425,432,263,226,194,287,268,417,113,464,304,303,510,415,229,170,288,460,387,193,28,117,176,271,101,112,81,56,100,255,95,206,171,492,396,14,319,247,212,118,4,20,227,370,350,65,264,190,79,137,468,160,340,324,214,352,423,184,436,156,437,40,204,385,382,408,187,509,351,83,503,336,313,368,84,428,457,483,7,21,111,392,452,68,389,467,270,152,218,291,502,438,475,454,508,433
blk.26.ffn_down_exps.weight 92,488,466,506,494,240,119,48,299,490,453,322,10,354,50,424,393,27,71,107,473,44,125,362,280,36,279,26,236,391,409,129,222,348,349,51,267,273,78,82,153,379,178,411,314,223,400,274,211,326,307,441,345,177,86,366,173,8,487,238,213,311,143,114,343,507,480,361,371,220,1,53,102,97,300,301,365,32,499,203,2,278,305,308,233,87,60,88,295,469,253,275,456,265,471,296,31,180,402,448,421,501,446,320,164,484,67,167,58,66,269,99,332,413,440,373,232,188,335,5,346,35,334,429,318,489,159,282,141,175,69,77,338,410,245,163,208,103,444,146,461,139,158,377,405,479,47,61,30,403,120,306,126,251,3,154,37,419,327,497,29,425,432,263,226,194,287,268,417,113,464,304,303,510,415,229,170,288,460,387,193,28,117,176,271,101,112,81,56,100,255,95,206,171,492,396,14,319,247,212,118,4,20,227,370,350,65,264,190,79,137,468,160,340,324,214,352,423,184,436,156,437,40,204,385,382,408,187,509,351,83,503,336,313,368,84,428,457,483,7,21,111,392,452,68,389,467,270,152,218,291,502,438,475,454,508,433
blk.27.ffn_gate_exps.weight 422,84,238,78,273,268,350,471,154,287,17,163,86,126,197,177,511,503,430,508,9,49,250,196,46,258,117,234,397,392,212,269,59,500,235,446,412,188,390,376,129,181,138,165,343,157,415,108,256,398,474,71,247,386,410,406,3,322,45,243,242,148,291,0,189,63,481,72,18,328,205,221,274,495,339,91,444,233,99,363,270,141,90,229,321,127,12,416,206,400,294,178,308,195,76,11,131,255,171,95,296,246,211,438,169,409,168,103,288,81,442,371,491,53,395,249,452,5,404,48,425,470,33,451,162,498,477,356,380,413,66,340,375,501,429,327,251,297,75,215,223,38,36,335,496,111,279,360,460,152,325,449,417,149,262,314,143,418,230,89,98,492,381,32,110,237,87,408,214,289,405,342,370,292,119,23,280,120,173,468,136,170,125,359,384,193,283,1,77,336,389,502,61,434,382,428,260,28,185,346,35
blk.27.ffn_up_exps.weight 422,84,238,78,273,268,350,471,154,287,17,163,86,126,197,177,511,503,430,508,9,49,250,196,46,258,117,234,397,392,212,269,59,500,235,446,412,188,390,376,129,181,138,165,343,157,415,108,256,398,474,71,247,386,410,406,3,322,45,243,242,148,291,0,189,63,481,72,18,328,205,221,274,495,339,91,444,233,99,363,270,141,90,229,321,127,12,416,206,400,294,178,308,195,76,11,131,255,171,95,296,246,211,438,169,409,168,103,288,81,442,371,491,53,395,249,452,5,404,48,425,470,33,451,162,498,477,356,380,413,66,340,375,501,429,327,251,297,75,215,223,38,36,335,496,111,279,360,460,152,325,449,417,149,262,314,143,418,230,89,98,492,381,32,110,237,87,408,214,289,405,342,370,292,119,23,280,120,173,468,136,170,125,359,384,193,283,1,77,336,389,502,61,434,382,428,260,28,185,346,35
blk.27.ffn_down_exps.weight 422,84,238,78,273,268,350,471,154,287,17,163,86,126,197,177,511,503,430,508,9,49,250,196,46,258,117,234,397,392,212,269,59,500,235,446,412,188,390,376,129,181,138,165,343,157,415,108,256,398,474,71,247,386,410,406,3,322,45,243,242,148,291,0,189,63,481,72,18,328,205,221,274,495,339,91,444,233,99,363,270,141,90,229,321,127,12,416,206,400,294,178,308,195,76,11,131,255,171,95,296,246,211,438,169,409,168,103,288,81,442,371,491,53,395,249,452,5,404,48,425,470,33,451,162,498,477,356,380,413,66,340,375,501,429,327,251,297,75,215,223,38,36,335,496,111,279,360,460,152,325,449,417,149,262,314,143,418,230,89,98,492,381,32,110,237,87,408,214,289,405,342,370,292,119,23,280,120,173,468,136,170,125,359,384,193,283,1,77,336,389,502,61,434,382,428,260,28,185,346,35
blk.28.ffn_gate_exps.weight 63,228,48,288,264,433,491,372,269,37,390,331,220,29,494,66,96,75,51,438,286,459,404,360,144,216,47,242,189,246,7,475,421,303,432,307,80,327,237,113,470,312,266,139,356,36,401,223,502,419,400,445,91,1,378,174,324,78,267,334,107,399,81,154,206,377,290,243,192,456,347,493,345,136,299,302,33,177,351,155,135,379,294,22,165,386,127,143,221,406,111,98,318,315,340,333,87,453,140,444,498,466,60,232,434,409,463,138,249,408,210,64,363,161,457,100,281,238,202,422,313,93,271,9,392,217,410,289,52,182,248,476,506,147,150,11,305,306,4,352,395,416,198,497,160,168,0,219,326,296,35,250,505,257,278,429,231,120,14,234,10,141,346,495,343,442,292,350,507,97,332,181,285,436,319,2,42,462,8,489,265,24,298,496,103,50,218,17,262,510,70,201,145,162,370,405,488,423,38,274,185,253,58,214,175,277,484,209,317,474,224,18,176,449,194,167,413,258,385,261,339,293,229,329,137,388,46,129,6,152,366,373,121,365,354,23,125,369,367,85,368,142,380,389,39,448,412,251,287
blk.28.ffn_up_exps.weight 63,228,48,288,264,433,491,372,269,37,390,331,220,29,494,66,96,75,51,438,286,459,404,360,144,216,47,242,189,246,7,475,421,303,432,307,80,327,237,113,470,312,266,139,356,36,401,223,502,419,400,445,91,1,378,174,324,78,267,334,107,399,81,154,206,377,290,243,192,456,347,493,345,136,299,302,33,177,351,155,135,379,294,22,165,386,127,143,221,406,111,98,318,315,340,333,87,453,140,444,498,466,60,232,434,409,463,138,249,408,210,64,363,161,457,100,281,238,202,422,313,93,271,9,392,217,410,289,52,182,248,476,506,147,150,11,305,306,4,352,395,416,198,497,160,168,0,219,326,296,35,250,505,257,278,429,231,120,14,234,10,141,346,495,343,442,292,350,507,97,332,181,285,436,319,2,42,462,8,489,265,24,298,496,103,50,218,17,262,510,70,201,145,162,370,405,488,423,38,274,185,253,58,214,175,277,484,209,317,474,224,18,176,449,194,167,413,258,385,261,339,293,229,329,137,388,46,129,6,152,366,373,121,365,354,23,125,369,367,85,368,142,380,389,39,448,412,251,287
blk.28.ffn_down_exps.weight 63,228,48,288,264,433,491,372,269,37,390,331,220,29,494,66,96,75,51,438,286,459,404,360,144,216,47,242,189,246,7,475,421,303,432,307,80,327,237,113,470,312,266,139,356,36,401,223,502,419,400,445,91,1,378,174,324,78,267,334,107,399,81,154,206,377,290,243,192,456,347,493,345,136,299,302,33,177,351,155,135,379,294,22,165,386,127,143,221,406,111,98,318,315,340,333,87,453,140,444,498,466,60,232,434,409,463,138,249,408,210,64,363,161,457,100,281,238,202,422,313,93,271,9,392,217,410,289,52,182,248,476,506,147,150,11,305,306,4,352,395,416,198,497,160,168,0,219,326,296,35,250,505,257,278,429,231,120,14,234,10,141,346,495,343,442,292,350,507,97,332,181,285,436,319,2,42,462,8,489,265,24,298,496,103,50,218,17,262,510,70,201,145,162,370,405,488,423,38,274,185,253,58,214,175,277,484,209,317,474,224,18,176,449,194,167,413,258,385,261,339,293,229,329,137,388,46,129,6,152,366,373,121,365,354,23,125,369,367,85,368,142,380,389,39,448,412,251,287
blk.29.ffn_gate_exps.weight 265,273,312,385,119,387,367,457,259,22,250,288,286,395,348,71,201,339,147,211,390,427,411,26,334,107,50,277,35,177,128,311,257,129,184,304,85,474,154,467,40,84,391,75,329,137,355,195,454,323,157,303,498,435,396,105,412,244,372,380,118,34,140,97,347,148,419,233,328,203,181,326,486,274,101,351,365,55,373,222,266,423,374,159,179,81,76,29,208,394,236,280,487,96,253,302,116,248,332,169,420,318,335,121,401,481,160,72,36,80,64,113,497,42,478,252,127,120,52,485,69,93,180,290,297,384,426,16,399,238,276,92,17,13,155,441,156,100,135,187,456,31,47,205,491,292,263,171,247,308,409,406,452,241,421,6,463,82,27,382,62,221,234,445,255,298,398,291,198,112,207,377,438,408,261,106,14,417,144,340,43,370,483,422,225,239,504,499,138,202,324,185,11,220,91,443,164,223,146,429,168,60,316,455,346,313,352,70,480,431,321,66,275,270,415,212,357,51,249,130,472,506,307,150,465,468,320,143,358,447,453,289,189,344,511,178,510,73,166,145,268,484,115,337,283,109,490,57,117,260,500,246,476,77,124,8,58,206,209,461,278,402,2,364,505,153,215
blk.29.ffn_up_exps.weight 265,273,312,385,119,387,367,457,259,22,250,288,286,395,348,71,201,339,147,211,390,427,411,26,334,107,50,277,35,177,128,311,257,129,184,304,85,474,154,467,40,84,391,75,329,137,355,195,454,323,157,303,498,435,396,105,412,244,372,380,118,34,140,97,347,148,419,233,328,203,181,326,486,274,101,351,365,55,373,222,266,423,374,159,179,81,76,29,208,394,236,280,487,96,253,302,116,248,332,169,420,318,335,121,401,481,160,72,36,80,64,113,497,42,478,252,127,120,52,485,69,93,180,290,297,384,426,16,399,238,276,92,17,13,155,441,156,100,135,187,456,31,47,205,491,292,263,171,247,308,409,406,452,241,421,6,463,82,27,382,62,221,234,445,255,298,398,291,198,112,207,377,438,408,261,106,14,417,144,340,43,370,483,422,225,239,504,499,138,202,324,185,11,220,91,443,164,223,146,429,168,60,316,455,346,313,352,70,480,431,321,66,275,270,415,212,357,51,249,130,472,506,307,150,465,468,320,143,358,447,453,289,189,344,511,178,510,73,166,145,268,484,115,337,283,109,490,57,117,260,500,246,476,77,124,8,58,206,209,461,278,402,2,364,505,153,215
blk.29.ffn_down_exps.weight 265,273,312,385,119,387,367,457,259,22,250,288,286,395,348,71,201,339,147,211,390,427,411,26,334,107,50,277,35,177,128,311,257,129,184,304,85,474,154,467,40,84,391,75,329,137,355,195,454,323,157,303,498,435,396,105,412,244,372,380,118,34,140,97,347,148,419,233,328,203,181,326,486,274,101,351,365,55,373,222,266,423,374,159,179,81,76,29,208,394,236,280,487,96,253,302,116,248,332,169,420,318,335,121,401,481,160,72,36,80,64,113,497,42,478,252,127,120,52,485,69,93,180,290,297,384,426,16,399,238,276,92,17,13,155,441,156,100,135,187,456,31,47,205,491,292,263,171,247,308,409,406,452,241,421,6,463,82,27,382,62,221,234,445,255,298,398,291,198,112,207,377,438,408,261,106,14,417,144,340,43,370,483,422,225,239,504,499,138,202,324,185,11,220,91,443,164,223,146,429,168,60,316,455,346,313,352,70,480,431,321,66,275,270,415,212,357,51,249,130,472,506,307,150,465,468,320,143,358,447,453,289,189,344,511,178,510,73,166,145,268,484,115,337,283,109,490,57,117,260,500,246,476,77,124,8,58,206,209,461,278,402,2,364,505,153,215
blk.30.ffn_gate_exps.weight 212,231,243,461,97,486,94,138,506,160,511,268,192,127,396,305,119,80,14,233,47,96,19,314,180,333,46,339,142,300,284,283,439,33,351,136,431,262,477,448,501,374,460,500,341,125,65,103,249,497,498,211,92,508,74,368,401,311,175,344,259,189,187,1,90,132,487,434,117,388,277,77,323,409,308,509,218,213,35,354,303,328,285,29,2,122,402,312,377,288,251,294,383,446,188,428,266,437,254,64,436,381,454,299,107,82,5,181,420,236,459,20,429,196,36,34,378,31,9,28,38,441,471,40,59,263,293,451,54,183,207,408,366,450,280,55,70,164,137,124,43,302,162,485,18,370,257,176,252,350,15,489,406,269,467,321,21,216,201,336,265,367,10,495,360,168,438,72,238,186,62,95,335,118,66,301,417,147,56,130,154,365,264,292,296,464,319,166,241,484,418,79,84,271,327,93,435,340,110,492,491,0,456,219,234,169,256,242,78,37,419,479,140,279,100,244,215,281,17,49,224,278,349,145,51,230,329,235,478,69,473,112,382,108,102,135,32,174
blk.30.ffn_up_exps.weight 212,231,243,461,97,486,94,138,506,160,511,268,192,127,396,305,119,80,14,233,47,96,19,314,180,333,46,339,142,300,284,283,439,33,351,136,431,262,477,448,501,374,460,500,341,125,65,103,249,497,498,211,92,508,74,368,401,311,175,344,259,189,187,1,90,132,487,434,117,388,277,77,323,409,308,509,218,213,35,354,303,328,285,29,2,122,402,312,377,288,251,294,383,446,188,428,266,437,254,64,436,381,454,299,107,82,5,181,420,236,459,20,429,196,36,34,378,31,9,28,38,441,471,40,59,263,293,451,54,183,207,408,366,450,280,55,70,164,137,124,43,302,162,485,18,370,257,176,252,350,15,489,406,269,467,321,21,216,201,336,265,367,10,495,360,168,438,72,238,186,62,95,335,118,66,301,417,147,56,130,154,365,264,292,296,464,319,166,241,484,418,79,84,271,327,93,435,340,110,492,491,0,456,219,234,169,256,242,78,37,419,479,140,279,100,244,215,281,17,49,224,278,349,145,51,230,329,235,478,69,473,112,382,108,102,135,32,174
blk.30.ffn_down_exps.weight 212,231,243,461,97,486,94,138,506,160,511,268,192,127,396,305,119,80,14,233,47,96,19,314,180,333,46,339,142,300,284,283,439,33,351,136,431,262,477,448,501,374,460,500,341,125,65,103,249,497,498,211,92,508,74,368,401,311,175,344,259,189,187,1,90,132,487,434,117,388,277,77,323,409,308,509,218,213,35,354,303,328,285,29,2,122,402,312,377,288,251,294,383,446,188,428,266,437,254,64,436,381,454,299,107,82,5,181,420,236,459,20,429,196,36,34,378,31,9,28,38,441,471,40,59,263,293,451,54,183,207,408,366,450,280,55,70,164,137,124,43,302,162,485,18,370,257,176,252,350,15,489,406,269,467,321,21,216,201,336,265,367,10,495,360,168,438,72,238,186,62,95,335,118,66,301,417,147,56,130,154,365,264,292,296,464,319,166,241,484,418,79,84,271,327,93,435,340,110,492,491,0,456,219,234,169,256,242,78,37,419,479,140,279,100,244,215,281,17,49,224,278,349,145,51,230,329,235,478,69,473,112,382,108,102,135,32,174
blk.31.ffn_gate_exps.weight 6,136,494,156,250,289,328,375,281,424,199,91,66,510,193,426,37,53,486,129,346,321,260,288,151,488,61,51,174,146,322,169,143,306,429,231,63,237,391,445,22,128,220,204,30,76,46,81,113,190,105,198,402,58,258,70,464,50,18,491,410,173,29,311,365,68,399,446,206,449,436,457,230,59,185,384,296,221,396,459,101,111,508,427,36,171,163,32,141,235,178,54,175,114,79,495,411,325,343,307,369,226,318,460,290,371,225,474,362,329,505,432,379,324,422,279,308,27,280,298,119,501,243,503,475,471,291,313,31,405,415,342,139,389,267,160,125,351,485,312,372,428,38,376,43,473,469,228,34,215,271,249,341,112,75,330,398,299,244,238,99,180,511,456,212,388,287
blk.31.ffn_up_exps.weight 6,136,494,156,250,289,328,375,281,424,199,91,66,510,193,426,37,53,486,129,346,321,260,288,151,488,61,51,174,146,322,169,143,306,429,231,63,237,391,445,22,128,220,204,30,76,46,81,113,190,105,198,402,58,258,70,464,50,18,491,410,173,29,311,365,68,399,446,206,449,436,457,230,59,185,384,296,221,396,459,101,111,508,427,36,171,163,32,141,235,178,54,175,114,79,495,411,325,343,307,369,226,318,460,290,371,225,474,362,329,505,432,379,324,422,279,308,27,280,298,119,501,243,503,475,471,291,313,31,405,415,342,139,389,267,160,125,351,485,312,372,428,38,376,43,473,469,228,34,215,271,249,341,112,75,330,398,299,244,238,99,180,511,456,212,388,287
blk.31.ffn_down_exps.weight 6,136,494,156,250,289,328,375,281,424,199,91,66,510,193,426,37,53,486,129,346,321,260,288,151,488,61,51,174,146,322,169,143,306,429,231,63,237,391,445,22,128,220,204,30,76,46,81,113,190,105,198,402,58,258,70,464,50,18,491,410,173,29,311,365,68,399,446,206,449,436,457,230,59,185,384,296,221,396,459,101,111,508,427,36,171,163,32,141,235,178,54,175,114,79,495,411,325,343,307,369,226,318,460,290,371,225,474,362,329,505,432,379,324,422,279,308,27,280,298,119,501,243,503,475,471,291,313,31,405,415,342,139,389,267,160,125,351,485,312,372,428,38,376,43,473,469,228,34,215,271,249,341,112,75,330,398,299,244,238,99,180,511,456,212,388,287
blk.32.ffn_gate_exps.weight 74,429,7,243,58,441,228,191,23,26,175,474,435,424,302,203,34,368,85,263,140,141,9,427,432,505,254,174,146,36,391,52,442,49,400,401,490,91,216,272,115,207,189,309,148,446,231,227,306,187,403,396,265,75,256,481,346,428,373,421,199,336,59,361,114,108,278,194,331,365,133,255,281,493,404,338,121,120,224,212,366,297,269,495,181,117,334,201,459,332,472,440,46,333,97,305,5,486,350,198,51,382,299,31,245,470,110,252,28,144,377,398,168,87,277,323,3,399,246,14,261,90,325,463,321,419,300,244,482,509,179,100,143,1,60,293,137,17,380,307,411,480,163,438,310,68,311,109,385,69,182,221,2,264,487,342,113,61,394,67,316,86,489,106,45,6,510,292,223,41,157,197,190,511,142,409,351
blk.32.ffn_up_exps.weight 74,429,7,243,58,441,228,191,23,26,175,474,435,424,302,203,34,368,85,263,140,141,9,427,432,505,254,174,146,36,391,52,442,49,400,401,490,91,216,272,115,207,189,309,148,446,231,227,306,187,403,396,265,75,256,481,346,428,373,421,199,336,59,361,114,108,278,194,331,365,133,255,281,493,404,338,121,120,224,212,366,297,269,495,181,117,334,201,459,332,472,440,46,333,97,305,5,486,350,198,51,382,299,31,245,470,110,252,28,144,377,398,168,87,277,323,3,399,246,14,261,90,325,463,321,419,300,244,482,509,179,100,143,1,60,293,137,17,380,307,411,480,163,438,310,68,311,109,385,69,182,221,2,264,487,342,113,61,394,67,316,86,489,106,45,6,510,292,223,41,157,197,190,511,142,409,351
blk.32.ffn_down_exps.weight 74,429,7,243,58,441,228,191,23,26,175,474,435,424,302,203,34,368,85,263,140,141,9,427,432,505,254,174,146,36,391,52,442,49,400,401,490,91,216,272,115,207,189,309,148,446,231,227,306,187,403,396,265,75,256,481,346,428,373,421,199,336,59,361,114,108,278,194,331,365,133,255,281,493,404,338,121,120,224,212,366,297,269,495,181,117,334,201,459,332,472,440,46,333,97,305,5,486,350,198,51,382,299,31,245,470,110,252,28,144,377,398,168,87,277,323,3,399,246,14,261,90,325,463,321,419,300,244,482,509,179,100,143,1,60,293,137,17,380,307,411,480,163,438,310,68,311,109,385,69,182,221,2,264,487,342,113,61,394,67,316,86,489,106,45,6,510,292,223,41,157,197,190,511,142,409,351
blk.33.ffn_gate_exps.weight 499,243,422,504,378,67,372,209,166,151,105,143,467,220,12,28,147,331,53,50,413,42,296,305,452,457,203,286,355,187,85,500,276,128,93,132,272,126,365,102,462,460,486,495,169,83,266,118,324,443,81,440,226,164,246,442,285,497,265,353,463,14,371,284,215,138,309,17,388,419,253,191,117,173,186,163,401,425,207,254,403,303,120,477,505,432,152,156,334,193,484,172,410,48,68,387,61,101,99,328,469,362,159,508,196,90,24,211,341,185,214,389,155,154,72,275,0,78,466,287,212,127,124,494,367,405,73,113,349,27,197,366,4,79,454,273,488,350,218,439,134,228,383,192,87,33,43,317,386,423,141,426,453,264,283,379,39,109,313,411,257,216,359,175,224,88,351,57,229,377,112,6,8,47,368,302,168,34,364,260,429,352,121,434,478,325,84,233,44,274,354,106,230,145,369,240,144,174,249,63,269,244,396,435,225,108,509,198,332,122,394,290,165,167,82,150,400,482,468,103,279,3,148,142,470,32,294,104,86,194,306,171,259,210,160,250,123,345,321,237,398,137,338,267
blk.33.ffn_up_exps.weight 499,243,422,504,378,67,372,209,166,151,105,143,467,220,12,28,147,331,53,50,413,42,296,305,452,457,203,286,355,187,85,500,276,128,93,132,272,126,365,102,462,460,486,495,169,83,266,118,324,443,81,440,226,164,246,442,285,497,265,353,463,14,371,284,215,138,309,17,388,419,253,191,117,173,186,163,401,425,207,254,403,303,120,477,505,432,152,156,334,193,484,172,410,48,68,387,61,101,99,328,469,362,159,508,196,90,24,211,341,185,214,389,155,154,72,275,0,78,466,287,212,127,124,494,367,405,73,113,349,27,197,366,4,79,454,273,488,350,218,439,134,228,383,192,87,33,43,317,386,423,141,426,453,264,283,379,39,109,313,411,257,216,359,175,224,88,351,57,229,377,112,6,8,47,368,302,168,34,364,260,429,352,121,434,478,325,84,233,44,274,354,106,230,145,369,240,144,174,249,63,269,244,396,435,225,108,509,198,332,122,394,290,165,167,82,150,400,482,468,103,279,3,148,142,470,32,294,104,86,194,306,171,259,210,160,250,123,345,321,237,398,137,338,267
blk.33.ffn_down_exps.weight 499,243,422,504,378,67,372,209,166,151,105,143,467,220,12,28,147,331,53,50,413,42,296,305,452,457,203,286,355,187,85,500,276,128,93,132,272,126,365,102,462,460,486,495,169,83,266,118,324,443,81,440,226,164,246,442,285,497,265,353,463,14,371,284,215,138,309,17,388,419,253,191,117,173,186,163,401,425,207,254,403,303,120,477,505,432,152,156,334,193,484,172,410,48,68,387,61,101,99,328,469,362,159,508,196,90,24,211,341,185,214,389,155,154,72,275,0,78,466,287,212,127,124,494,367,405,73,113,349,27,197,366,4,79,454,273,488,350,218,439,134,228,383,192,87,33,43,317,386,423,141,426,453,264,283,379,39,109,313,411,257,216,359,175,224,88,351,57,229,377,112,6,8,47,368,302,168,34,364,260,429,352,121,434,478,325,84,233,44,274,354,106,230,145,369,240,144,174,249,63,269,244,396,435,225,108,509,198,332,122,394,290,165,167,82,150,400,482,468,103,279,3,148,142,470,32,294,104,86,194,306,171,259,210,160,250,123,345,321,237,398,137,338,267
blk.34.ffn_gate_exps.weight 11,308,142,201,284,80,419,379,199,394,416,1,49,185,58,108,101,213,164,84,497,443,347,486,55,264,306,178,418,62,461,168,34,435,82,72,241,457,184,229,408,331,414,319,349,106,117,141,109,154,246,434,500,283,336,485,5,510,459,92,119,390,395,170,506,242,19,132,249,67,402,256,483,354,298,321,223,304,384,444,503,127,156,340,174,94,473,366,192,196,287,69,468,293,53,282,219,337,96,235,48,471,294,244,358,238,403,442,135,385,272,307,98,276,310,137,450,260,472,198,255,76,85,176,118,334,103,21,341,179,386,338,42,405,392,454,357,79,407,63,188,370,183,436,364,437,475,36,220,70,250,212,305,211,95,163,396,330,122,13,409,481,216,233,93,116,464,478,487,107,153,326,440,207,324,125,81,29,203,38,252,46,398,100,131,120,57,344,389,41,234,227,43,507,26,327,130,391,361,363,25,248,285,91,353,477,165,401,417,6,343,159,150,373,399,204,388,422,102,318,445,447,7,508,488,427,265,50,162,316,496,291,413,90,254,134,286,112,460,302,501,56,230,303,404,209,195,365,202,474,301,371,169,239,123,152,261,54,490,493,323,426,322,87,186,111,494
blk.34.ffn_up_exps.weight 11,308,142,201,284,80,419,379,199,394,416,1,49,185,58,108,101,213,164,84,497,443,347,486,55,264,306,178,418,62,461,168,34,435,82,72,241,457,184,229,408,331,414,319,349,106,117,141,109,154,246,434,500,283,336,485,5,510,459,92,119,390,395,170,506,242,19,132,249,67,402,256,483,354,298,321,223,304,384,444,503,127,156,340,174,94,473,366,192,196,287,69,468,293,53,282,219,337,96,235,48,471,294,244,358,238,403,442,135,385,272,307,98,276,310,137,450,260,472,198,255,76,85,176,118,334,103,21,341,179,386,338,42,405,392,454,357,79,407,63,188,370,183,436,364,437,475,36,220,70,250,212,305,211,95,163,396,330,122,13,409,481,216,233,93,116,464,478,487,107,153,326,440,207,324,125,81,29,203,38,252,46,398,100,131,120,57,344,389,41,234,227,43,507,26,327,130,391,361,363,25,248,285,91,353,477,165,401,417,6,343,159,150,373,399,204,388,422,102,318,445,447,7,508,488,427,265,50,162,316,496,291,413,90,254,134,286,112,460,302,501,56,230,303,404,209,195,365,202,474,301,371,169,239,123,152,261,54,490,493,323,426,322,87,186,111,494
blk.34.ffn_down_exps.weight 11,308,142,201,284,80,419,379,199,394,416,1,49,185,58,108,101,213,164,84,497,443,347,486,55,264,306,178,418,62,461,168,34,435,82,72,241,457,184,229,408,331,414,319,349,106,117,141,109,154,246,434,500,283,336,485,5,510,459,92,119,390,395,170,506,242,19,132,249,67,402,256,483,354,298,321,223,304,384,444,503,127,156,340,174,94,473,366,192,196,287,69,468,293,53,282,219,337,96,235,48,471,294,244,358,238,403,442,135,385,272,307,98,276,310,137,450,260,472,198,255,76,85,176,118,334,103,21,341,179,386,338,42,405,392,454,357,79,407,63,188,370,183,436,364,437,475,36,220,70,250,212,305,211,95,163,396,330,122,13,409,481,216,233,93,116,464,478,487,107,153,326,440,207,324,125,81,29,203,38,252,46,398,100,131,120,57,344,389,41,234,227,43,507,26,327,130,391,361,363,25,248,285,91,353,477,165,401,417,6,343,159,150,373,399,204,388,422,102,318,445,447,7,508,488,427,265,50,162,316,496,291,413,90,254,134,286,112,460,302,501,56,230,303,404,209,195,365,202,474,301,371,169,239,123,152,261,54,490,493,323,426,322,87,186,111,494
blk.35.ffn_gate_exps.weight 342,245,128,269,313,246,469,463,472,349,356,388,403,14,222,225,208,487,327,92,80,88,253,47,173,144,16,483,286,129,45,411,498,414,506,212,273,308,309,371,110,426,82,219,64,46,328,368,373,292,0,104,66,374,499,33,100,106,289,174,10,445,468,383,255,316,62,367,495,99,357,161,1,257,331,505,377,429,502,407,55,138,378,291,456,63,163,453,389,263,177,372,147,20,206,135,385,408,223,454,396,314,96,337,428,482,288,380,254,109,220,455,283,8,49,188,262,443,280,24,489,157,503,127,145,277,140,75,229,124,103,184,165,197,366,31,365,56,192,333,83,200,464,118,123,6,69,175,73,51,37,207,22,279,433,113,353,399,251,444,120,285,44,59,60,224,490,341,26,435,282,148,324,11,142,89,345,509,394,440,332,27,41,171,256,17,84,139,198,359,317,94,108,81,343,42,500,2,338,459,303,179,193,181,167,133,160,397,409,334,477,4,474,36,504,361,479,101,307,395,38,210,162,183,71,5,436,347
blk.35.ffn_up_exps.weight 342,245,128,269,313,246,469,463,472,349,356,388,403,14,222,225,208,487,327,92,80,88,253,47,173,144,16,483,286,129,45,411,498,414,506,212,273,308,309,371,110,426,82,219,64,46,328,368,373,292,0,104,66,374,499,33,100,106,289,174,10,445,468,383,255,316,62,367,495,99,357,161,1,257,331,505,377,429,502,407,55,138,378,291,456,63,163,453,389,263,177,372,147,20,206,135,385,408,223,454,396,314,96,337,428,482,288,380,254,109,220,455,283,8,49,188,262,443,280,24,489,157,503,127,145,277,140,75,229,124,103,184,165,197,366,31,365,56,192,333,83,200,464,118,123,6,69,175,73,51,37,207,22,279,433,113,353,399,251,444,120,285,44,59,60,224,490,341,26,435,282,148,324,11,142,89,345,509,394,440,332,27,41,171,256,17,84,139,198,359,317,94,108,81,343,42,500,2,338,459,303,179,193,181,167,133,160,397,409,334,477,4,474,36,504,361,479,101,307,395,38,210,162,183,71,5,436,347
blk.35.ffn_down_exps.weight 342,245,128,269,313,246,469,463,472,349,356,388,403,14,222,225,208,487,327,92,80,88,253,47,173,144,16,483,286,129,45,411,498,414,506,212,273,308,309,371,110,426,82,219,64,46,328,368,373,292,0,104,66,374,499,33,100,106,289,174,10,445,468,383,255,316,62,367,495,99,357,161,1,257,331,505,377,429,502,407,55,138,378,291,456,63,163,453,389,263,177,372,147,20,206,135,385,408,223,454,396,314,96,337,428,482,288,380,254,109,220,455,283,8,49,188,262,443,280,24,489,157,503,127,145,277,140,75,229,124,103,184,165,197,366,31,365,56,192,333,83,200,464,118,123,6,69,175,73,51,37,207,22,279,433,113,353,399,251,444,120,285,44,59,60,224,490,341,26,435,282,148,324,11,142,89,345,509,394,440,332,27,41,171,256,17,84,139,198,359,317,94,108,81,343,42,500,2,338,459,303,179,193,181,167,133,160,397,409,334,477,4,474,36,504,361,479,101,307,395,38,210,162,183,71,5,436,347
blk.36.ffn_gate_exps.weight 214,75,138,58,397,346,445,94,233,34,349,56,13,122,508,347,334,170,140,469,456,5,376,506,47,93,225,218,434,475,23,375,57,289,180,248,15,339,321,494,318,30,310,437,366,426,55,418,229,147,250,290,448,76,157,168,95,413,296,477,213,284,202,354,507,215,177,64,440,79,423,173,407,501,228,335,85,278,26,454,369,65,136,388,400,385,358,485,16,300,457,91,260,467,436,391,401,154,380,325,332,210,315,511,109,78,198,117,42,74,327,107,466,125,98,8,155,106,41,131,468,272,442,251,297,249,441,268,479,182,130,181,244,348,176,192,104,18,258,497,451,209,500,478,96,53,27,255,406,80,499,305,252,435,90,172,10,132,313,443,70,49,387,331,118,298,422,189,481,243,415,124,216,351,127,6,39,226,363,148,262,149,256,489,288,279,429,29,487,344,264,362,167,430,462,495,345,120,7,291,99,2,158,496,425,211,472,299,412,326,392,166,482,116,383,488,81,247,175,69,444,410,270,231,431,370,459,275,240,105,453,110,394,492,68,373
blk.36.ffn_up_exps.weight 214,75,138,58,397,346,445,94,233,34,349,56,13,122,508,347,334,170,140,469,456,5,376,506,47,93,225,218,434,475,23,375,57,289,180,248,15,339,321,494,318,30,310,437,366,426,55,418,229,147,250,290,448,76,157,168,95,413,296,477,213,284,202,354,507,215,177,64,440,79,423,173,407,501,228,335,85,278,26,454,369,65,136,388,400,385,358,485,16,300,457,91,260,467,436,391,401,154,380,325,332,210,315,511,109,78,198,117,42,74,327,107,466,125,98,8,155,106,41,131,468,272,442,251,297,249,441,268,479,182,130,181,244,348,176,192,104,18,258,497,451,209,500,478,96,53,27,255,406,80,499,305,252,435,90,172,10,132,313,443,70,49,387,331,118,298,422,189,481,243,415,124,216,351,127,6,39,226,363,148,262,149,256,489,288,279,429,29,487,344,264,362,167,430,462,495,345,120,7,291,99,2,158,496,425,211,472,299,412,326,392,166,482,116,383,488,81,247,175,69,444,410,270,231,431,370,459,275,240,105,453,110,394,492,68,373
blk.36.ffn_down_exps.weight 214,75,138,58,397,346,445,94,233,34,349,56,13,122,508,347,334,170,140,469,456,5,376,506,47,93,225,218,434,475,23,375,57,289,180,248,15,339,321,494,318,30,310,437,366,426,55,418,229,147,250,290,448,76,157,168,95,413,296,477,213,284,202,354,507,215,177,64,440,79,423,173,407,501,228,335,85,278,26,454,369,65,136,388,400,385,358,485,16,300,457,91,260,467,436,391,401,154,380,325,332,210,315,511,109,78,198,117,42,74,327,107,466,125,98,8,155,106,41,131,468,272,442,251,297,249,441,268,479,182,130,181,244,348,176,192,104,18,258,497,451,209,500,478,96,53,27,255,406,80,499,305,252,435,90,172,10,132,313,443,70,49,387,331,118,298,422,189,481,243,415,124,216,351,127,6,39,226,363,148,262,149,256,489,288,279,429,29,487,344,264,362,167,430,462,495,345,120,7,291,99,2,158,496,425,211,472,299,412,326,392,166,482,116,383,488,81,247,175,69,444,410,270,231,431,370,459,275,240,105,453,110,394,492,68,373
blk.37.ffn_gate_exps.weight 195,155,338,0,442,453,206,56,11,447,208,331,253,311,305,28,116,388,214,345,292,419,40,154,119,414,100,281,268,21,163,69,470,277,199,370,471,164,502,78,136,271,301,59,407,347,239,459,479,166,474,107,340,266,400,54,33,67,409,223,17,267,201,192,504,70,454,148,242,478,115,88,194,18,333,312,464,456,220,286,398,19,186,91,384,255,167,111,381,41,287,247,48,129,178,493,324,434,473,222,387,94,150,104,233,489,257,465,83,250,86,379,496,71,200,288,113,320,420,53,85,437,309,366,243,359,440,146,183,481,314,10,44,418,261,299,319,77,369,3,43,198,307,30,62,328,351,279,6,412,58,131,467,460,293,448,431,76,237,46,98,300,425,120,241,367,337,490,153,354,147,426,278,152,484,462,226,81,215,229,377,50,497,269,234,330,211,139,216,24,458,510,318,466,327,65,373,428,207,99,127,175,321,235,162,438,397,112,344,283,61,176,106,251,124,123,264,79,80,275,197,461,326,394,25,469,508,498,445,128
blk.37.ffn_up_exps.weight 195,155,338,0,442,453,206,56,11,447,208,331,253,311,305,28,116,388,214,345,292,419,40,154,119,414,100,281,268,21,163,69,470,277,199,370,471,164,502,78,136,271,301,59,407,347,239,459,479,166,474,107,340,266,400,54,33,67,409,223,17,267,201,192,504,70,454,148,242,478,115,88,194,18,333,312,464,456,220,286,398,19,186,91,384,255,167,111,381,41,287,247,48,129,178,493,324,434,473,222,387,94,150,104,233,489,257,465,83,250,86,379,496,71,200,288,113,320,420,53,85,437,309,366,243,359,440,146,183,481,314,10,44,418,261,299,319,77,369,3,43,198,307,30,62,328,351,279,6,412,58,131,467,460,293,448,431,76,237,46,98,300,425,120,241,367,337,490,153,354,147,426,278,152,484,462,226,81,215,229,377,50,497,269,234,330,211,139,216,24,458,510,318,466,327,65,373,428,207,99,127,175,321,235,162,438,397,112,344,283,61,176,106,251,124,123,264,79,80,275,197,461,326,394,25,469,508,498,445,128
blk.37.ffn_down_exps.weight 195,155,338,0,442,453,206,56,11,447,208,331,253,311,305,28,116,388,214,345,292,419,40,154,119,414,100,281,268,21,163,69,470,277,199,370,471,164,502,78,136,271,301,59,407,347,239,459,479,166,474,107,340,266,400,54,33,67,409,223,17,267,201,192,504,70,454,148,242,478,115,88,194,18,333,312,464,456,220,286,398,19,186,91,384,255,167,111,381,41,287,247,48,129,178,493,324,434,473,222,387,94,150,104,233,489,257,465,83,250,86,379,496,71,200,288,113,320,420,53,85,437,309,366,243,359,440,146,183,481,314,10,44,418,261,299,319,77,369,3,43,198,307,30,62,328,351,279,6,412,58,131,467,460,293,448,431,76,237,46,98,300,425,120,241,367,337,490,153,354,147,426,278,152,484,462,226,81,215,229,377,50,497,269,234,330,211,139,216,24,458,510,318,466,327,65,373,428,207,99,127,175,321,235,162,438,397,112,344,283,61,176,106,251,124,123,264,79,80,275,197,461,326,394,25,469,508,498,445,128
blk.38.ffn_gate_exps.weight 422,230,328,468,469,252,500,186,434,489,413,125,177,269,115,86,295,444,225,349,111,253,113,379,453,424,42,17,51,449,65,8,320,384,495,21,41,52,316,193,264,303,23,192,281,273,74,142,423,332,345,509,387,429,373,381,69,179,494,499,215,472,467,136,255,471,507,465,368,145,305,400,445,78,150,40,242,503,402,224,293,270,30,39,48,306,3,77,181,357,374,441,343,239,399,11,188,339,290,479,66,126,428,504,162,283,178,408,121,110,223,405,205,20,56,448,307,376,43,401,81,24,470,276,404,440,96,511,334,160,432,10,60,460,201,310,302,437,164,425,377,6,406,16,369,35,461,112,45,414,149,442,415,394,416,57,452,297,34,226,385,292,309,289,366,196,83,165,426,221,355,89,411,231,102,390,308,59,419,175,313,104,317,487,32,33,435,247,483,268,375,261,97,258,210,498,141,163,218,491,195,462,321,482,371,213,214,217,53,325,279,450,410,36,464,123,337,285,358,446,372,271,447,506,49,159,386,243,287,364,148,26,497,262,28,14,75,61,50,458,478,480,272,330,456,380,237,91,350,508,170,344,137,473,474,27,267,352,282,71,235,169,122
blk.38.ffn_up_exps.weight 422,230,328,468,469,252,500,186,434,489,413,125,177,269,115,86,295,444,225,349,111,253,113,379,453,424,42,17,51,449,65,8,320,384,495,21,41,52,316,193,264,303,23,192,281,273,74,142,423,332,345,509,387,429,373,381,69,179,494,499,215,472,467,136,255,471,507,465,368,145,305,400,445,78,150,40,242,503,402,224,293,270,30,39,48,306,3,77,181,357,374,441,343,239,399,11,188,339,290,479,66,126,428,504,162,283,178,408,121,110,223,405,205,20,56,448,307,376,43,401,81,24,470,276,404,440,96,511,334,160,432,10,60,460,201,310,302,437,164,425,377,6,406,16,369,35,461,112,45,414,149,442,415,394,416,57,452,297,34,226,385,292,309,289,366,196,83,165,426,221,355,89,411,231,102,390,308,59,419,175,313,104,317,487,32,33,435,247,483,268,375,261,97,258,210,498,141,163,218,491,195,462,321,482,371,213,214,217,53,325,279,450,410,36,464,123,337,285,358,446,372,271,447,506,49,159,386,243,287,364,148,26,497,262,28,14,75,61,50,458,478,480,272,330,456,380,237,91,350,508,170,344,137,473,474,27,267,352,282,71,235,169,122
blk.38.ffn_down_exps.weight 422,230,328,468,469,252,500,186,434,489,413,125,177,269,115,86,295,444,225,349,111,253,113,379,453,424,42,17,51,449,65,8,320,384,495,21,41,52,316,193,264,303,23,192,281,273,74,142,423,332,345,509,387,429,373,381,69,179,494,499,215,472,467,136,255,471,507,465,368,145,305,400,445,78,150,40,242,503,402,224,293,270,30,39,48,306,3,77,181,357,374,441,343,239,399,11,188,339,290,479,66,126,428,504,162,283,178,408,121,110,223,405,205,20,56,448,307,376,43,401,81,24,470,276,404,440,96,511,334,160,432,10,60,460,201,310,302,437,164,425,377,6,406,16,369,35,461,112,45,414,149,442,415,394,416,57,452,297,34,226,385,292,309,289,366,196,83,165,426,221,355,89,411,231,102,390,308,59,419,175,313,104,317,487,32,33,435,247,483,268,375,261,97,258,210,498,141,163,218,491,195,462,321,482,371,213,214,217,53,325,279,450,410,36,464,123,337,285,358,446,372,271,447,506,49,159,386,243,287,364,148,26,497,262,28,14,75,61,50,458,478,480,272,330,456,380,237,91,350,508,170,344,137,473,474,27,267,352,282,71,235,169,122
blk.39.ffn_gate_exps.weight 316,242,212,260,199,42,398,459,147,320,143,376,167,496,234,372,493,118,416,423,486,105,492,83,410,382,443,263,78,323,148,92,155,327,81,206,173,73,401,433,404,238,324,69,153,334,356,146,453,375,390,95,329,158,277,117,257,406,275,193,96,4,139,20,383,27,244,336,469,498,415,354,481,186,104,384,363,181,441,250,52,176,491,478,360,48,107,46,313,296,303,60,82,482,54,114,124,445,325,308,317,455,77,213,285,332,511,434,309,464,389,450,126,247,33,55,61,162,221,408,121,337,377,282,74,192,274,14,128,223,80,287,11,190,258,189,483,89,237,290,504,425,414,422,198,454,270,191,292,43,265,462,368,446,494,429,466,228,305,93,160,171,417,187,152,135,507,127,439,471,110,163,203,353
blk.39.ffn_up_exps.weight 316,242,212,260,199,42,398,459,147,320,143,376,167,496,234,372,493,118,416,423,486,105,492,83,410,382,443,263,78,323,148,92,155,327,81,206,173,73,401,433,404,238,324,69,153,334,356,146,453,375,390,95,329,158,277,117,257,406,275,193,96,4,139,20,383,27,244,336,469,498,415,354,481,186,104,384,363,181,441,250,52,176,491,478,360,48,107,46,313,296,303,60,82,482,54,114,124,445,325,308,317,455,77,213,285,332,511,434,309,464,389,450,126,247,33,55,61,162,221,408,121,337,377,282,74,192,274,14,128,223,80,287,11,190,258,189,483,89,237,290,504,425,414,422,198,454,270,191,292,43,265,462,368,446,494,429,466,228,305,93,160,171,417,187,152,135,507,127,439,471,110,163,203,353
blk.39.ffn_down_exps.weight 316,242,212,260,199,42,398,459,147,320,143,376,167,496,234,372,493,118,416,423,486,105,492,83,410,382,443,263,78,323,148,92,155,327,81,206,173,73,401,433,404,238,324,69,153,334,356,146,453,375,390,95,329,158,277,117,257,406,275,193,96,4,139,20,383,27,244,336,469,498,415,354,481,186,104,384,363,181,441,250,52,176,491,478,360,48,107,46,313,296,303,60,82,482,54,114,124,445,325,308,317,455,77,213,285,332,511,434,309,464,389,450,126,247,33,55,61,162,221,408,121,337,377,282,74,192,274,14,128,223,80,287,11,190,258,189,483,89,237,290,504,425,414,422,198,454,270,191,292,43,265,462,368,446,494,429,466,228,305,93,160,171,417,187,152,135,507,127,439,471,110,163,203,353
blk.40.ffn_gate_exps.weight 449,106,223,503,482,357,456,231,87,97,152,281,227,145,222,215,122,280,195,237,498,323,450,203,421,144,25,77,425,157,417,23,34,362,156,350,402,212,355,85,61,321,43,298,162,471,146,356,273,6,64,351,252,230,186,170,46,501,397,290,369,228,179,366,138,173,15,139,419,495,172,407,278,219,505,398,229,244,136,309,190,147,457,232,91,45,352,312,168,178,245,110,214,40,28,100,340,297,388,141,409,50,386,389,437,508,439,258,257,17,336,315,472,206,44,56,32,115,238,478,128,109,167,153,125,9,171,98,418,208,502,250,161,438,319,13,446,368,426,335,354,165,48,485,493,205,316,363,41,10,465,111,90,12,459,396,116,384,506,163,318,78,218,341,24,339,440,0,330,4,308,124,155,81,338
blk.40.ffn_up_exps.weight 449,106,223,503,482,357,456,231,87,97,152,281,227,145,222,215,122,280,195,237,498,323,450,203,421,144,25,77,425,157,417,23,34,362,156,350,402,212,355,85,61,321,43,298,162,471,146,356,273,6,64,351,252,230,186,170,46,501,397,290,369,228,179,366,138,173,15,139,419,495,172,407,278,219,505,398,229,244,136,309,190,147,457,232,91,45,352,312,168,178,245,110,214,40,28,100,340,297,388,141,409,50,386,389,437,508,439,258,257,17,336,315,472,206,44,56,32,115,238,478,128,109,167,153,125,9,171,98,418,208,502,250,161,438,319,13,446,368,426,335,354,165,48,485,493,205,316,363,41,10,465,111,90,12,459,396,116,384,506,163,318,78,218,341,24,339,440,0,330,4,308,124,155,81,338
blk.40.ffn_down_exps.weight 449,106,223,503,482,357,456,231,87,97,152,281,227,145,222,215,122,280,195,237,498,323,450,203,421,144,25,77,425,157,417,23,34,362,156,350,402,212,355,85,61,321,43,298,162,471,146,356,273,6,64,351,252,230,186,170,46,501,397,290,369,228,179,366,138,173,15,139,419,495,172,407,278,219,505,398,229,244,136,309,190,147,457,232,91,45,352,312,168,178,245,110,214,40,28,100,340,297,388,141,409,50,386,389,437,508,439,258,257,17,336,315,472,206,44,56,32,115,238,478,128,109,167,153,125,9,171,98,418,208,502,250,161,438,319,13,446,368,426,335,354,165,48,485,493,205,316,363,41,10,465,111,90,12,459,396,116,384,506,163,318,78,218,341,24,339,440,0,330,4,308,124,155,81,338
blk.41.ffn_gate_exps.weight 508,29,19,443,170,2,145,79,499,358,494,243,335,346,391,304,414,363,213,427,281,151,10,268,486,12,505,376,175,306,118,251,314,444,264,438,424,439,94,275,435,164,418,49,83,245,1,226,482,385,276,297,434,147,240,289,469,253,380,392,484,125,32,101,404,352,394,286,425,283,216,146,377,261,205,65,51,202,500,68,157,445,21,475,384,501,46,220,440,169,430,467,7,504,198,417,408,448,353,387,402,217,421,42,16,367,100,302,11,354,389,272,77,455,342,17,257,107,259,415,200,332,119,55,256,360,114,131,452,266,43,303,37,450,365,138,411,158,334,511,449,462,85,69,349,123,282,91,177,279,465,96,14,477,59,491,347,485,71,132,441,419,58,61,210,218,480,293,331,41,299,273,271,510,337,82,184,9,371,99,410,252,423,0,426,433,105,231,40,112,502,47,379,228,398,460,472,325,44,62,26,291,457,52,493,60,307,280,116,401,355,234,208
blk.41.ffn_up_exps.weight 508,29,19,443,170,2,145,79,499,358,494,243,335,346,391,304,414,363,213,427,281,151,10,268,486,12,505,376,175,306,118,251,314,444,264,438,424,439,94,275,435,164,418,49,83,245,1,226,482,385,276,297,434,147,240,289,469,253,380,392,484,125,32,101,404,352,394,286,425,283,216,146,377,261,205,65,51,202,500,68,157,445,21,475,384,501,46,220,440,169,430,467,7,504,198,417,408,448,353,387,402,217,421,42,16,367,100,302,11,354,389,272,77,455,342,17,257,107,259,415,200,332,119,55,256,360,114,131,452,266,43,303,37,450,365,138,411,158,334,511,449,462,85,69,349,123,282,91,177,279,465,96,14,477,59,491,347,485,71,132,441,419,58,61,210,218,480,293,331,41,299,273,271,510,337,82,184,9,371,99,410,252,423,0,426,433,105,231,40,112,502,47,379,228,398,460,472,325,44,62,26,291,457,52,493,60,307,280,116,401,355,234,208
blk.41.ffn_down_exps.weight 508,29,19,443,170,2,145,79,499,358,494,243,335,346,391,304,414,363,213,427,281,151,10,268,486,12,505,376,175,306,118,251,314,444,264,438,424,439,94,275,435,164,418,49,83,245,1,226,482,385,276,297,434,147,240,289,469,253,380,392,484,125,32,101,404,352,394,286,425,283,216,146,377,261,205,65,51,202,500,68,157,445,21,475,384,501,46,220,440,169,430,467,7,504,198,417,408,448,353,387,402,217,421,42,16,367,100,302,11,354,389,272,77,455,342,17,257,107,259,415,200,332,119,55,256,360,114,131,452,266,43,303,37,450,365,138,411,158,334,511,449,462,85,69,349,123,282,91,177,279,465,96,14,477,59,491,347,485,71,132,441,419,58,61,210,218,480,293,331,41,299,273,271,510,337,82,184,9,371,99,410,252,423,0,426,433,105,231,40,112,502,47,379,228,398,460,472,325,44,62,26,291,457,52,493,60,307,280,116,401,355,234,208
blk.42.ffn_gate_exps.weight 367,424,97,23,394,479,141,139,482,114,261,387,39,484,187,304,257,45,403,113,133,291,362,438,177,16,448,57,491,137,216,237,273,490,325,386,78,267,205,91,310,380,123,268,436,235,22,46,85,405,322,138,211,33,220,428,225,62,17,247,301,365,20,342,194,50,303,287,476,480,508,119,71,355,197,382,67,21,163,186,393,59,73,131,364,312,483,130,222,379,369,166,471,103,260,190,389,496,495,419,391,202,87,217,95,102,450,286,168,426,55,410,199,232,25,254,32,466,105,420,56,140,418,290,161,489,472,294,40,151,9,366,162,181,249,272,210,158,460,84,378,61,83,0,76,437,212,68,238,510,415,473,478,43,47,288,321,250,191,412,172,236,397,245,214,132,417,126,434,112,493,5,455,155,42,285,300,402,146,408,328,375,34,167,24,241,457,275,13,349,351,341,171,430,27,36,179,346,296,465,58,392,79,165,289,176,258,154,195,149,122,442,234,315,311,64,89,207,323,3,423,35,277,80,432,494,223,2,504,213,509,276
blk.42.ffn_up_exps.weight 367,424,97,23,394,479,141,139,482,114,261,387,39,484,187,304,257,45,403,113,133,291,362,438,177,16,448,57,491,137,216,237,273,490,325,386,78,267,205,91,310,380,123,268,436,235,22,46,85,405,322,138,211,33,220,428,225,62,17,247,301,365,20,342,194,50,303,287,476,480,508,119,71,355,197,382,67,21,163,186,393,59,73,131,364,312,483,130,222,379,369,166,471,103,260,190,389,496,495,419,391,202,87,217,95,102,450,286,168,426,55,410,199,232,25,254,32,466,105,420,56,140,418,290,161,489,472,294,40,151,9,366,162,181,249,272,210,158,460,84,378,61,83,0,76,437,212,68,238,510,415,473,478,43,47,288,321,250,191,412,172,236,397,245,214,132,417,126,434,112,493,5,455,155,42,285,300,402,146,408,328,375,34,167,24,241,457,275,13,349,351,341,171,430,27,36,179,346,296,465,58,392,79,165,289,176,258,154,195,149,122,442,234,315,311,64,89,207,323,3,423,35,277,80,432,494,223,2,504,213,509,276
blk.42.ffn_down_exps.weight 367,424,97,23,394,479,141,139,482,114,261,387,39,484,187,304,257,45,403,113,133,291,362,438,177,16,448,57,491,137,216,237,273,490,325,386,78,267,205,91,310,380,123,268,436,235,22,46,85,405,322,138,211,33,220,428,225,62,17,247,301,365,20,342,194,50,303,287,476,480,508,119,71,355,197,382,67,21,163,186,393,59,73,131,364,312,483,130,222,379,369,166,471,103,260,190,389,496,495,419,391,202,87,217,95,102,450,286,168,426,55,410,199,232,25,254,32,466,105,420,56,140,418,290,161,489,472,294,40,151,9,366,162,181,249,272,210,158,460,84,378,61,83,0,76,437,212,68,238,510,415,473,478,43,47,288,321,250,191,412,172,236,397,245,214,132,417,126,434,112,493,5,455,155,42,285,300,402,146,408,328,375,34,167,24,241,457,275,13,349,351,341,171,430,27,36,179,346,296,465,58,392,79,165,289,176,258,154,195,149,122,442,234,315,311,64,89,207,323,3,423,35,277,80,432,494,223,2,504,213,509,276
blk.43.ffn_gate_exps.weight 278,412,486,49,149,185,360,271,280,300,387,143,266,506,25,256,397,92,15,85,69,181,34,121,93,267,71,454,79,106,293,254,420,11,94,427,294,291,207,42,346,458,430,481,189,2,180,156,380,378,87,178,435,126,182,86,460,438,64,464,339,263,151,370,255,186,488,117,416,306,508,224,235,212,220,498,289,145,247,137,84,511,134,95,190,319,200,321,284,459,164,119,505,391,142,250,248,201,377,217,312,483,264,245,388,162,194,340,152,330,493,58,471,457,78,226,337,97,107,161,91,292,494,355,203,4,357,241,338,246,57,413,244,315,139,22,30,445,359,326,297,33,127,60,133,499,290,474,379,172,150,406,286,167,174,183,227,74,342,329,45,18,116,452,169,120,497,68,187,140,17,41,385,389,47,487,236,436,35,61,27,320,192,358,374,443,331
blk.43.ffn_up_exps.weight 278,412,486,49,149,185,360,271,280,300,387,143,266,506,25,256,397,92,15,85,69,181,34,121,93,267,71,454,79,106,293,254,420,11,94,427,294,291,207,42,346,458,430,481,189,2,180,156,380,378,87,178,435,126,182,86,460,438,64,464,339,263,151,370,255,186,488,117,416,306,508,224,235,212,220,498,289,145,247,137,84,511,134,95,190,319,200,321,284,459,164,119,505,391,142,250,248,201,377,217,312,483,264,245,388,162,194,340,152,330,493,58,471,457,78,226,337,97,107,161,91,292,494,355,203,4,357,241,338,246,57,413,244,315,139,22,30,445,359,326,297,33,127,60,133,499,290,474,379,172,150,406,286,167,174,183,227,74,342,329,45,18,116,452,169,120,497,68,187,140,17,41,385,389,47,487,236,436,35,61,27,320,192,358,374,443,331
blk.43.ffn_down_exps.weight 278,412,486,49,149,185,360,271,280,300,387,143,266,506,25,256,397,92,15,85,69,181,34,121,93,267,71,454,79,106,293,254,420,11,94,427,294,291,207,42,346,458,430,481,189,2,180,156,380,378,87,178,435,126,182,86,460,438,64,464,339,263,151,370,255,186,488,117,416,306,508,224,235,212,220,498,289,145,247,137,84,511,134,95,190,319,200,321,284,459,164,119,505,391,142,250,248,201,377,217,312,483,264,245,388,162,194,340,152,330,493,58,471,457,78,226,337,97,107,161,91,292,494,355,203,4,357,241,338,246,57,413,244,315,139,22,30,445,359,326,297,33,127,60,133,499,290,474,379,172,150,406,286,167,174,183,227,74,342,329,45,18,116,452,169,120,497,68,187,140,17,41,385,389,47,487,236,436,35,61,27,320,192,358,374,443,331
blk.44.ffn_gate_exps.weight 194,156,427,231,288,344,336,119,252,294,279,136,54,372,191,273,55,237,440,10,418,500,495,224,173,473,47,164,280,204,28,220,319,4,339,389,212,181,383,479,510,270,24,276,127,452,76,478,405,346,281,5,189,301,162,272,446,323,474,33,51,158,31,27,103,337,249,35,34,225,256,95,338,134,254,148,313,290,250,293,489,247,99,472,159,223,468,278,104,417,476,137,167,128,105,145,120,492,285,203,310,487,79,364,333,66,43,490,277,56,350,300,143,215,470,291,144,471,160,504,98,213,87,391,106,311,433,292,491,40,206,154,275,374,239,447,129,114,465,390,420,209,22,32,502,400,475,268,425,185,340,233,444,174,80,274,443,175,511,352,196,324,441,176,202,308,289,445,186,41,142,111,200,39,59,198,457,439,432,107,21,192,375,283,6,30,151,49,424,190,62,135,503,218,172,248,263,407
blk.44.ffn_up_exps.weight 194,156,427,231,288,344,336,119,252,294,279,136,54,372,191,273,55,237,440,10,418,500,495,224,173,473,47,164,280,204,28,220,319,4,339,389,212,181,383,479,510,270,24,276,127,452,76,478,405,346,281,5,189,301,162,272,446,323,474,33,51,158,31,27,103,337,249,35,34,225,256,95,338,134,254,148,313,290,250,293,489,247,99,472,159,223,468,278,104,417,476,137,167,128,105,145,120,492,285,203,310,487,79,364,333,66,43,490,277,56,350,300,143,215,470,291,144,471,160,504,98,213,87,391,106,311,433,292,491,40,206,154,275,374,239,447,129,114,465,390,420,209,22,32,502,400,475,268,425,185,340,233,444,174,80,274,443,175,511,352,196,324,441,176,202,308,289,445,186,41,142,111,200,39,59,198,457,439,432,107,21,192,375,283,6,30,151,49,424,190,62,135,503,218,172,248,263,407
blk.44.ffn_down_exps.weight 194,156,427,231,288,344,336,119,252,294,279,136,54,372,191,273,55,237,440,10,418,500,495,224,173,473,47,164,280,204,28,220,319,4,339,389,212,181,383,479,510,270,24,276,127,452,76,478,405,346,281,5,189,301,162,272,446,323,474,33,51,158,31,27,103,337,249,35,34,225,256,95,338,134,254,148,313,290,250,293,489,247,99,472,159,223,468,278,104,417,476,137,167,128,105,145,120,492,285,203,310,487,79,364,333,66,43,490,277,56,350,300,143,215,470,291,144,471,160,504,98,213,87,391,106,311,433,292,491,40,206,154,275,374,239,447,129,114,465,390,420,209,22,32,502,400,475,268,425,185,340,233,444,174,80,274,443,175,511,352,196,324,441,176,202,308,289,445,186,41,142,111,200,39,59,198,457,439,432,107,21,192,375,283,6,30,151,49,424,190,62,135,503,218,172,248,263,407
blk.45.ffn_gate_exps.weight 143,70,134,104,318,60,296,354,511,6,230,20,232,466,189,145,405,472,119,470,401,126,388,114,429,153,447,133,338,454,381,25,225,508,26,351,435,191,364,406,332,316,193,383,395,359,201,149,127,290,297,333,346,314,509,132,29,216,503,84,33,373,365,456,48,205,210,479,292,282,220,34,188,294,334,5,222,22,56,280,172,496,313,169,121,89,28,168,453,2,507,111,303,385,422,407,386,7,227,4,452,451,500,185,79,446,237,49,302,229,505,367,441,269,260,433,95,437,335,317,233,375,199,330,450,47,257,449,75,182,15,240,51,498,3,353,475,370,196,291,72,293,0,277,264,87,93,289,106,239,268,358,167,477,164,166,497,86,474,324,174,415,136,61,376,419,150,137,156,254,179,308,165,113,141,103,112,440,481,62,455,272,301,142,221,337,480,252,363,328,99,368,223,310,52
blk.45.ffn_up_exps.weight 143,70,134,104,318,60,296,354,511,6,230,20,232,466,189,145,405,472,119,470,401,126,388,114,429,153,447,133,338,454,381,25,225,508,26,351,435,191,364,406,332,316,193,383,395,359,201,149,127,290,297,333,346,314,509,132,29,216,503,84,33,373,365,456,48,205,210,479,292,282,220,34,188,294,334,5,222,22,56,280,172,496,313,169,121,89,28,168,453,2,507,111,303,385,422,407,386,7,227,4,452,451,500,185,79,446,237,49,302,229,505,367,441,269,260,433,95,437,335,317,233,375,199,330,450,47,257,449,75,182,15,240,51,498,3,353,475,370,196,291,72,293,0,277,264,87,93,289,106,239,268,358,167,477,164,166,497,86,474,324,174,415,136,61,376,419,150,137,156,254,179,308,165,113,141,103,112,440,481,62,455,272,301,142,221,337,480,252,363,328,99,368,223,310,52
blk.45.ffn_down_exps.weight 143,70,134,104,318,60,296,354,511,6,230,20,232,466,189,145,405,472,119,470,401,126,388,114,429,153,447,133,338,454,381,25,225,508,26,351,435,191,364,406,332,316,193,383,395,359,201,149,127,290,297,333,346,314,509,132,29,216,503,84,33,373,365,456,48,205,210,479,292,282,220,34,188,294,334,5,222,22,56,280,172,496,313,169,121,89,28,168,453,2,507,111,303,385,422,407,386,7,227,4,452,451,500,185,79,446,237,49,302,229,505,367,441,269,260,433,95,437,335,317,233,375,199,330,450,47,257,449,75,182,15,240,51,498,3,353,475,370,196,291,72,293,0,277,264,87,93,289,106,239,268,358,167,477,164,166,497,86,474,324,174,415,136,61,376,419,150,137,156,254,179,308,165,113,141,103,112,440,481,62,455,272,301,142,221,337,480,252,363,328,99,368,223,310,52
blk.46.ffn_gate_exps.weight 42,390,128,461,464,186,265,319,121,119,431,199,71,104,326,392,373,506,397,322,193,214,57,161,218,339,336,26,51,499,446,141,489,244,157,377,248,427,412,151,315,125,399,504,101,378,402,417,147,351,181,25,256,323,41,359,191,233,239,110,14,179,223,77,202,421,424,221,93,408,30,503,469,138,188,340,124,129,329,66,477,438,388,158,68,429,171,343,348,419,269,436,204,337,317,314,198,460,97,54,123,211,272,493,182,260,17,294,164,156,87,56,302,196,325,353,407,495,435,12,76,9,491,165,393,38,88,384,451,44,327,283,300,245,264,112,333,360,15,409,500,64,401,432,297,177,246,338,387,115,480,226,45,405,263,371,505,69,289,262,455,398,261,32,200,281,404,324,163,220,502,185,60,189,291,320,73,267,215,258,50,372,479,334,268,85,426,376,290,357,206,91,443,288,406,312,242,111,187,270,67,305,180,442,213,24,92,450,328,144,175
blk.46.ffn_up_exps.weight 42,390,128,461,464,186,265,319,121,119,431,199,71,104,326,392,373,506,397,322,193,214,57,161,218,339,336,26,51,499,446,141,489,244,157,377,248,427,412,151,315,125,399,504,101,378,402,417,147,351,181,25,256,323,41,359,191,233,239,110,14,179,223,77,202,421,424,221,93,408,30,503,469,138,188,340,124,129,329,66,477,438,388,158,68,429,171,343,348,419,269,436,204,337,317,314,198,460,97,54,123,211,272,493,182,260,17,294,164,156,87,56,302,196,325,353,407,495,435,12,76,9,491,165,393,38,88,384,451,44,327,283,300,245,264,112,333,360,15,409,500,64,401,432,297,177,246,338,387,115,480,226,45,405,263,371,505,69,289,262,455,398,261,32,200,281,404,324,163,220,502,185,60,189,291,320,73,267,215,258,50,372,479,334,268,85,426,376,290,357,206,91,443,288,406,312,242,111,187,270,67,305,180,442,213,24,92,450,328,144,175
blk.46.ffn_down_exps.weight 42,390,128,461,464,186,265,319,121,119,431,199,71,104,326,392,373,506,397,322,193,214,57,161,218,339,336,26,51,499,446,141,489,244,157,377,248,427,412,151,315,125,399,504,101,378,402,417,147,351,181,25,256,323,41,359,191,233,239,110,14,179,223,77,202,421,424,221,93,408,30,503,469,138,188,340,124,129,329,66,477,438,388,158,68,429,171,343,348,419,269,436,204,337,317,314,198,460,97,54,123,211,272,493,182,260,17,294,164,156,87,56,302,196,325,353,407,495,435,12,76,9,491,165,393,38,88,384,451,44,327,283,300,245,264,112,333,360,15,409,500,64,401,432,297,177,246,338,387,115,480,226,45,405,263,371,505,69,289,262,455,398,261,32,200,281,404,324,163,220,502,185,60,189,291,320,73,267,215,258,50,372,479,334,268,85,426,376,290,357,206,91,443,288,406,312,242,111,187,270,67,305,180,442,213,24,92,450,328,144,175
